0,0.000
0.005,0.000
0.01,0.000
0.015,0.000
0.02,0.000
0.025,0.001
0.03,0.003
0.035,0.009
0.04,0.018
0.045,0.028
0.05,0.034
0.055,0.035
0.06,0.032
0.065,0.028
0.07,0.024
0.075,0.023
0.08,0.022
0.085,0.020
0.09,0.017
0.095,0.015
0.1,0.016
0.105,0.021
0.11,0.026
0.115,0.027
0.12,0.024
0.125,0.019
0.13,0.016
0.135,0.015
0.14,0.017
0.145,0.018
0.15,0.018
0.155,0.017
0.16,0.016
0.165,0.014
0.17,0.012
0.175,0.012
0.18,0.013
0.185,0.016
0.19,0.021
0.195,0.025
0.2,0.027
0.205,0.025
0.21,0.018
0.215,0.010
0.22,0.006
0.225,0.007
0.23,0.014
0.235,0.022
0.24,0.026
0.245,0.023
0.25,0.013
0.255,0.003
0.26,-0.003
0.265,-0.003
0.27,0.002
0.275,0.008
0.28,0.013
0.285,0.015
0.29,0.017
0.295,0.018
0.3,0.017
0.305,0.014
0.31,0.007
0.315,-0.001
0.32,-0.008
0.325,-0.011
0.33,-0.009
0.335,-0.003
0.34,0.003
0.345,0.006
0.35,0.005
0.355,0.001
0.36,-0.004
0.365,-0.006
0.37,-0.006
0.375,-0.002
0.38,0.002
0.385,0.005
0.39,0.007
0.395,0.007
0.4,0.007
0.405,0.006
0.41,0.005
0.415,0.004
0.42,0.003
0.425,0.002
0.43,0.001
0.435,0.001
0.44,0.001
0.445,-0.001
0.45,-0.003
0.455,-0.003
0.46,-0.001
0.465,0.002
0.47,0.005
0.475,0.007
0.48,0.006
0.485,0.001
0.49,-0.004
0.495,-0.007
0.5,-0.008
0.505,-0.007
0.51,-0.006
0.515,-0.007
0.52,-0.008
0.525,-0.009
0.53,-0.009
0.535,-0.009
0.54,-0.008
0.545,-0.007
0.55,-0.007
0.555,-0.007
0.56,-0.008
0.565,-0.009
0.57,-0.010
0.575,-0.011
0.58,-0.012
0.585,-0.013
0.59,-0.012
0.595,-0.011
0.6,-0.009
0.605,-0.007
0.61,-0.006
0.615,-0.006
0.62,-0.006
0.625,-0.008
0.63,-0.011
0.635,-0.014
0.64,-0.015
0.645,-0.017
0.65,-0.018
0.655,-0.020
0.66,-0.023
0.665,-0.024
0.67,-0.022
0.675,-0.018
0.68,-0.012
0.685,-0.006
0.69,-0.003
0.695,-0.001
0.7,-0.002
0.705,-0.002
0.71,-0.002
0.715,-0.003
0.72,-0.006
0.725,-0.012
0.73,-0.017
0.735,-0.020
0.74,-0.019
0.745,-0.015
0.75,-0.010
0.755,-0.009
0.76,-0.012
0.765,-0.016
0.77,-0.018
0.775,-0.018
0.78,-0.016
0.785,-0.015
0.79,-0.016
0.795,-0.019
0.8,-0.020
0.805,-0.019
0.81,-0.017
0.815,-0.014
0.82,-0.012
0.825,-0.011
0.83,-0.008
0.835,-0.005
0.84,-0.005
0.845,-0.007
0.85,-0.012
0.855,-0.016
0.86,-0.017
0.865,-0.015
0.87,-0.011
0.875,-0.008
0.88,-0.006
0.885,-0.007
0.89,-0.008
0.895,-0.009
0.9,-0.009
0.905,-0.009
0.91,-0.008
0.915,-0.008
0.92,-0.009
0.925,-0.011
0.93,-0.011
0.935,-0.011
0.94,-0.009
0.945,-0.008
0.95,-0.007
0.955,-0.009
0.96,-0.011
0.965,-0.013
0.97,-0.014
0.975,-0.015
0.98,-0.016
0.985,-0.018
0.99,-0.020
0.995,-0.022
1,-0.022
1.005,-0.019
1.01,-0.016
1.015,-0.013
1.02,-0.010
1.025,-0.007
1.03,-0.001
1.035,0.004
1.04,0.006
1.045,0.005
1.05,0.000
1.055,-0.008
1.06,-0.015
1.065,-0.017
1.07,-0.014
1.075,-0.009
1.08,-0.005
1.085,-0.002
1.09,-0.002
1.095,-0.002
1.1,-0.003
1.105,-0.004
1.11,-0.006
1.115,-0.009
1.12,-0.010
1.125,-0.010
1.13,-0.010
1.135,-0.011
1.14,-0.012
1.145,-0.011
1.15,-0.009
1.155,-0.007
1.16,-0.008
1.165,-0.012
1.17,-0.016
1.175,-0.018
1.18,-0.016
1.185,-0.013
1.19,-0.012
1.195,-0.015
1.2,-0.022
1.205,-0.028
1.21,-0.030
1.215,-0.030
1.22,-0.026
1.225,-0.023
1.23,-0.022
1.235,-0.023
1.24,-0.025
1.245,-0.024
1.25,-0.021
1.255,-0.017
1.26,-0.014
1.265,-0.012
1.27,-0.012
1.275,-0.011
1.28,-0.011
1.285,-0.011
1.29,-0.012
1.295,-0.013
1.3,-0.011
1.305,-0.007
1.31,-0.003
1.315,0.001
1.32,0.002
1.325,0.000
1.33,-0.003
1.335,-0.006
1.34,-0.006
1.345,-0.005
1.35,-0.004
1.355,-0.005
1.36,-0.006
1.365,-0.008
1.37,-0.009
1.375,-0.009
1.38,-0.011
1.385,-0.013
1.39,-0.017
1.395,-0.019
1.4,-0.019
1.405,-0.015
1.41,-0.011
1.415,-0.007
1.42,-0.005
1.425,-0.004
1.43,-0.004
1.435,-0.001
1.44,0.002
1.445,0.005
1.45,0.004
1.455,0.000
1.46,-0.005
1.465,-0.007
1.47,-0.007
1.475,-0.003
1.48,0.001
1.485,0.002
1.49,-0.001
1.495,-0.004
1.5,-0.007
1.505,-0.006
1.51,-0.005
1.515,-0.002
1.52,0.000
1.525,0.001
1.53,0.003
1.535,0.004
1.54,0.004
1.545,0.004
1.55,0.002
1.555,-0.001
1.56,-0.003
1.565,-0.006
1.57,-0.007
1.575,-0.007
1.58,-0.007
1.585,-0.008
1.59,-0.009
1.595,-0.010
1.6,-0.009
1.605,-0.006
1.61,-0.003
1.615,-0.003
1.62,-0.006
1.625,-0.011
1.63,-0.016
1.635,-0.018
1.64,-0.015
1.645,-0.011
1.65,-0.007
1.655,-0.006
1.66,-0.008
1.665,-0.010
1.67,-0.010
1.675,-0.006
1.68,-0.001
1.685,0.003
1.69,0.003
1.695,0.000
1.7,-0.004
1.705,-0.005
1.71,-0.002
1.715,0.002
1.72,0.006
1.725,0.006
1.73,0.004
1.735,0.001
1.74,0.000
1.745,-0.001
1.75,-0.001
1.755,-0.001
1.76,-0.001
1.765,-0.001
1.77,0.000
1.775,0.000
1.78,-0.001
1.785,-0.004
1.79,-0.006
1.795,-0.004
1.8,-0.001
1.805,0.003
1.81,0.005
1.815,0.003
1.82,-0.003
1.825,-0.008
1.83,-0.010
1.835,-0.008
1.84,-0.004
1.845,-0.001
1.85,-0.002
1.855,-0.004
1.86,-0.006
1.865,-0.006
1.87,-0.004
1.875,0.000
1.88,0.003
1.885,0.004
1.89,0.003
1.895,0.000
1.9,-0.004
1.905,-0.006
1.91,-0.004
1.915,0.001
1.92,0.006
1.925,0.009
1.93,0.010
1.935,0.007
1.94,0.002
1.945,-0.003
1.95,-0.005
1.955,-0.004
1.96,0.000
1.965,0.006
1.97,0.009
1.975,0.008
1.98,0.003
1.985,-0.003
1.99,-0.007
1.995,-0.007
2,-0.004
2.005,0.000
2.01,0.003
2.015,0.005
2.02,0.006
2.025,0.006
2.03,0.005
2.035,0.002
2.04,0.001
2.045,0.002
2.05,0.007
2.055,0.013
2.06,0.018
2.065,0.016
2.07,0.010
2.075,0.003
2.08,-0.003
2.085,-0.004
2.09,-0.002
2.095,0.000
2.1,0.002
2.105,0.003
2.11,0.004
2.115,0.003
2.12,0.000
2.125,-0.005
2.13,-0.009
2.135,-0.010
2.14,-0.007
2.145,-0.002
2.15,0.003
2.155,0.005
2.16,0.002
2.165,-0.003
2.17,-0.006
2.175,-0.004
2.18,0.004
2.185,0.012
2.19,0.017
2.195,0.015
2.2,0.005
2.205,-0.006
2.21,-0.012
2.215,-0.009
2.22,-0.001
2.225,0.009
2.23,0.014
2.235,0.015
2.24,0.011
2.245,0.009
2.25,0.009
2.255,0.011
2.26,0.013
2.265,0.012
2.27,0.009
2.275,0.006
2.28,0.004
2.285,0.006
2.29,0.010
2.295,0.014
2.3,0.015
2.305,0.014
2.31,0.013
2.315,0.012
2.32,0.010
2.325,0.008
2.33,0.005
2.335,0.004
2.34,0.002
2.345,0.001
2.35,0.000
2.355,-0.002
2.36,-0.001
2.365,0.001
2.37,0.003
2.375,0.005
2.38,0.004
2.385,0.003
2.39,0.003
2.395,0.003
2.4,0.006
2.405,0.010
2.41,0.014
2.415,0.016
2.42,0.015
2.425,0.012
2.43,0.007
2.435,0.002
2.44,0.000
2.445,0.002
2.45,0.007
2.455,0.011
2.46,0.013
2.465,0.011
2.47,0.008
2.475,0.004
2.48,0.002
2.485,0.002
2.49,0.005
2.495,0.009
2.5,0.011
2.505,0.012
2.51,0.009
2.515,0.006
2.52,0.004
2.525,0.004
2.53,0.006
2.535,0.006
2.54,0.006
2.545,0.005
2.55,0.007
2.555,0.011
2.56,0.017
2.565,0.019
2.57,0.017
2.575,0.010
2.58,0.002
2.585,-0.001
2.59,0.001
2.595,0.007
2.6,0.014
2.605,0.019
2.61,0.018
2.615,0.014
2.62,0.008
2.625,0.004
2.63,0.005
2.635,0.009
2.64,0.014
2.645,0.017
2.65,0.016
2.655,0.012
2.66,0.005
2.665,-0.002
2.67,-0.006
2.675,-0.004
2.68,0.002
2.685,0.011
2.69,0.016
2.695,0.016
2.7,0.012
2.705,0.007
2.71,0.003
2.715,0.001
2.72,0.002
2.725,0.004
2.73,0.005
2.735,0.004
2.74,0.004
2.745,0.004
2.75,0.005
2.755,0.007
2.76,0.008
2.765,0.009
2.77,0.007
2.775,0.005
2.78,0.002
2.785,0.000
2.79,-0.004
2.795,-0.006
2.8,-0.007
2.805,-0.003
2.81,0.003
2.815,0.011
2.82,0.016
2.825,0.016
2.83,0.011
2.835,0.006
2.84,0.005
2.845,0.010
2.85,0.019
2.855,0.026
2.86,0.025
2.865,0.017
2.87,0.005
2.875,-0.004
2.88,-0.003
2.885,0.005
2.89,0.015
2.895,0.023
2.9,0.025
2.905,0.022
2.91,0.016
2.915,0.012
2.92,0.012
2.925,0.013
2.93,0.012
2.935,0.009
2.94,0.006
2.945,0.005
2.95,0.008
2.955,0.012
2.96,0.015
2.965,0.014
2.97,0.009
2.975,0.004
2.98,0.003
2.985,0.004
2.99,0.007
2.995,0.007
3,0.006
3.005,0.004
3.01,0.006
3.015,0.011
3.02,0.017
3.025,0.020
3.03,0.020
3.035,0.017
3.04,0.014
3.045,0.011
3.05,0.008
3.055,0.007
3.06,0.007
3.065,0.007
3.07,0.008
3.075,0.009
3.08,0.010
3.085,0.008
3.09,0.006
3.095,0.002
3.1,-0.001
3.105,-0.003
3.11,-0.003
3.115,0.000
3.12,0.005
3.125,0.010
3.13,0.012
3.135,0.012
3.14,0.008
3.145,0.004
3.15,0.001
3.155,-0.001
3.16,0.000
3.165,0.001
3.17,0.004
3.175,0.008
3.18,0.010
3.185,0.008
3.19,0.004
3.195,-0.001
3.2,-0.004
3.205,-0.002
3.21,0.004
3.215,0.011
3.22,0.016
3.225,0.015
3.23,0.007
3.235,-0.002
3.24,-0.007
3.245,-0.005
3.25,0.002
3.255,0.011
3.26,0.016
3.265,0.017
3.27,0.015
3.275,0.014
3.28,0.014
3.285,0.016
3.29,0.017
3.295,0.016
3.3,0.013
3.305,0.008
3.31,0.005
3.315,0.003
3.32,0.004
3.325,0.006
3.33,0.008
3.335,0.008
3.34,0.005
3.345,-0.001
3.35,-0.007
3.355,-0.011
3.36,-0.010
3.365,-0.005
3.37,0.002
3.375,0.008
3.38,0.010
3.385,0.008
3.39,0.005
3.395,0.002
3.4,0.001
3.405,0.003
3.41,0.006
3.415,0.010
3.42,0.013
3.425,0.013
3.43,0.013
3.435,0.012
3.44,0.013
3.445,0.014
3.45,0.015
3.455,0.014
3.46,0.012
3.465,0.011
3.47,0.012
3.475,0.016
3.48,0.022
3.485,0.027
3.49,0.028
3.495,0.026
3.5,0.019
3.505,0.012
3.51,0.007
3.515,0.004
3.52,0.005
3.525,0.008
3.53,0.010
3.535,0.012
3.54,0.012
3.545,0.012
3.55,0.012
3.555,0.011
3.56,0.010
3.565,0.008
3.57,0.007
3.575,0.008
3.58,0.009
3.585,0.012
3.59,0.012
3.595,0.010
3.6,0.007
3.605,0.005
3.61,0.005
3.615,0.007
3.62,0.008
3.625,0.005
3.63,0.000
3.635,-0.005
3.64,-0.006
3.645,-0.003
3.65,-0.001
3.655,-0.002
3.66,-0.006
3.665,-0.012
3.67,-0.016
3.675,-0.016
3.68,-0.015
3.685,-0.013
3.69,-0.011
3.695,-0.008
3.7,-0.002
3.705,0.005
3.71,0.009
3.715,0.010
3.72,0.007
3.725,0.005
3.73,0.005
3.735,0.006
3.74,0.008
3.745,0.008
3.75,0.008
3.755,0.008
3.76,0.011
3.765,0.017
3.77,0.022
3.775,0.024
3.78,0.021
3.785,0.016
3.79,0.011
3.795,0.007
3.8,0.006
3.805,0.007
3.81,0.008
3.815,0.009
3.82,0.009
3.825,0.008
3.83,0.008
3.835,0.009
3.84,0.009
3.845,0.006
3.85,-0.001
3.855,-0.007
3.86,-0.010
3.865,-0.008
3.87,-0.001
3.875,0.005
3.88,0.006
3.885,0.002
3.89,-0.003
3.895,-0.005
3.9,-0.003
3.905,0.001
3.91,0.003
3.915,0.000
3.92,-0.003
3.925,-0.003
3.93,0.000
3.935,0.004
3.94,0.006
3.945,0.005
3.95,0.002
3.955,-0.001
3.96,-0.001
3.965,0.001
3.97,0.005
3.975,0.007
3.98,0.009
3.985,0.010
3.99,0.011
3.995,0.011
4,0.010
4.005,0.008
4.01,0.005
4.015,0.002
4.02,0.000
4.025,-0.001
4.03,0.001
4.035,0.004
4.04,0.008
4.045,0.012
4.05,0.012
4.055,0.008
4.06,0.003
4.065,-0.001
4.07,-0.001
4.075,0.002
4.08,0.007
4.085,0.010
4.09,0.013
4.095,0.015
4.1,0.018
4.105,0.018
4.11,0.015
4.115,0.010
4.12,0.005
4.125,0.003
4.13,0.003
4.135,0.004
4.14,0.004
4.145,0.002
4.15,0.000
4.155,0.000
4.16,0.001
4.165,0.002
4.17,0.000
4.175,-0.006
4.18,-0.010
4.185,-0.009
4.19,-0.004
4.195,0.002
4.2,0.005
4.205,0.000
4.21,-0.008
4.215,-0.013
4.22,-0.013
4.225,-0.007
4.23,-0.002
4.235,0.000
4.24,-0.001
4.245,-0.002
4.25,0.001
4.255,0.008
4.26,0.016
4.265,0.018
4.27,0.014
4.275,0.006
4.28,-0.003
4.285,-0.006
4.29,-0.005
4.295,0.000
4.3,0.005
4.305,0.007
4.31,0.005
4.315,0.002
4.32,0.001
4.325,0.003
4.33,0.006
4.335,0.009
4.34,0.010
4.345,0.009
4.35,0.006
4.355,0.004
4.36,0.004
4.365,0.007
4.37,0.011
4.375,0.015
4.38,0.016
4.385,0.013
4.39,0.008
4.395,0.004
4.4,0.002
4.405,0.004
4.41,0.007
4.415,0.008
4.42,0.007
4.425,0.004
4.43,0.000
4.435,-0.003
4.44,-0.004
4.445,-0.002
4.45,0.002
4.455,0.006
4.46,0.008
4.465,0.007
4.47,0.003
4.475,-0.003
4.48,-0.007
4.485,-0.008
4.49,-0.006
4.495,-0.003
4.5,-0.002
4.505,-0.007
4.51,-0.014
4.515,-0.019
4.52,-0.020
4.525,-0.014
4.53,-0.005
4.535,0.003
4.54,0.004
4.545,-0.002
4.55,-0.011
4.555,-0.019
4.56,-0.022
4.565,-0.021
4.57,-0.019
4.575,-0.016
4.58,-0.014
4.585,-0.014
4.59,-0.012
4.595,-0.009
4.6,-0.004
4.605,0.001
4.61,0.004
4.615,0.005
4.62,0.004
4.625,0.002
4.63,0.001
4.635,0.003
4.64,0.007
4.645,0.012
4.65,0.016
4.655,0.020
4.66,0.020
4.665,0.019
4.67,0.017
4.675,0.016
4.68,0.017
4.685,0.019
4.69,0.021
4.695,0.021
4.7,0.019
4.705,0.016
4.71,0.012
4.715,0.009
4.72,0.007
4.725,0.005
4.73,0.005
4.735,0.003
4.74,0.000
4.745,-0.002
4.75,-0.001
4.755,0.003
4.76,0.008
4.765,0.012
4.77,0.010
4.775,0.004
4.78,-0.005
4.785,-0.012
4.79,-0.013
4.795,-0.009
4.8,-0.003
4.805,0.002
4.81,0.001
4.815,-0.006
4.82,-0.014
4.825,-0.018
4.83,-0.016
4.835,-0.011
4.84,-0.007
4.845,-0.007
4.85,-0.012
4.855,-0.021
4.86,-0.030
4.865,-0.036
4.87,-0.036
4.875,-0.030
4.88,-0.020
4.885,-0.011
4.89,-0.006
4.895,-0.009
4.9,-0.017
4.905,-0.024
4.91,-0.027
4.915,-0.024
4.92,-0.019
4.925,-0.014
4.93,-0.012
4.935,-0.015
4.94,-0.018
4.945,-0.020
4.95,-0.017
4.955,-0.010
4.96,-0.001
4.965,0.004
4.97,0.003
4.975,-0.004
4.98,-0.013
4.985,-0.020
4.99,-0.023
4.995,-0.022
5,-0.019
5.005,-0.013
5.01,-0.006
5.015,-0.001
5.02,0.001
5.025,0.000
5.03,0.000
5.035,0.003
5.04,0.010
5.045,0.020
5.05,0.030
5.055,0.035
5.06,0.035
5.065,0.031
5.07,0.025
5.075,0.020
5.08,0.017
5.085,0.016
5.09,0.016
5.095,0.016
5.1,0.016
5.105,0.015
5.11,0.013
5.115,0.011
5.12,0.011
5.125,0.014
5.13,0.017
5.135,0.017
5.14,0.014
5.145,0.008
5.15,0.003
5.155,0.000
5.16,0.001
5.165,0.005
5.17,0.009
5.175,0.010
5.18,0.008
5.185,0.004
5.19,-0.002
5.195,-0.009
5.2,-0.015
5.205,-0.020
5.21,-0.024
5.215,-0.027
5.22,-0.030
5.225,-0.031
5.23,-0.031
5.235,-0.031
5.24,-0.029
5.245,-0.029
5.25,-0.031
5.255,-0.034
5.26,-0.038
5.265,-0.039
5.27,-0.038
5.275,-0.036
5.28,-0.036
5.285,-0.037
5.29,-0.038
5.295,-0.038
5.3,-0.034
5.305,-0.029
5.31,-0.024
5.315,-0.023
5.32,-0.021
5.325,-0.018
5.33,-0.014
5.335,-0.010
5.34,-0.010
5.345,-0.013
5.35,-0.017
5.355,-0.017
5.36,-0.014
5.365,-0.010
5.37,-0.008
5.375,-0.009
5.38,-0.009
5.385,-0.005
5.39,0.003
5.395,0.014
5.4,0.021
5.405,0.022
5.41,0.019
5.415,0.016
5.42,0.017
5.425,0.022
5.43,0.028
5.435,0.033
5.44,0.034
5.445,0.032
5.45,0.029
5.455,0.027
5.46,0.027
5.465,0.029
5.47,0.030
5.475,0.031
5.48,0.031
5.485,0.031
5.49,0.032
5.495,0.032
5.5,0.030
5.505,0.025
5.51,0.020
5.515,0.017
5.52,0.016
5.525,0.013
5.53,0.008
5.535,0.002
5.54,-0.003
5.545,-0.005
5.55,-0.006
5.555,-0.007
5.56,-0.008
5.565,-0.011
5.57,-0.014
5.575,-0.015
5.58,-0.017
5.585,-0.022
5.59,-0.029
5.595,-0.038
5.6,-0.045
5.605,-0.048
5.61,-0.048
5.615,-0.046
5.62,-0.045
5.625,-0.045
5.63,-0.043
5.635,-0.039
5.64,-0.032
5.645,-0.029
5.65,-0.030
5.655,-0.038
5.66,-0.047
5.665,-0.054
5.67,-0.055
5.675,-0.050
5.68,-0.041
5.685,-0.031
5.69,-0.023
5.695,-0.019
5.7,-0.019
5.705,-0.021
5.71,-0.021
5.715,-0.018
5.72,-0.014
5.725,-0.011
5.73,-0.009
5.735,-0.006
5.74,-0.003
5.745,0.002
5.75,0.006
5.755,0.008
5.76,0.006
5.765,0.003
5.77,0.000
5.775,0.001
5.78,0.005
5.785,0.013
5.79,0.022
5.795,0.029
5.8,0.034
5.805,0.035
5.81,0.034
5.815,0.033
5.82,0.032
5.825,0.032
5.83,0.033
5.835,0.034
5.84,0.035
5.845,0.037
5.85,0.038
5.855,0.038
5.86,0.035
5.865,0.029
5.87,0.022
5.875,0.017
5.88,0.016
5.885,0.019
5.89,0.022
5.895,0.019
5.9,0.009
5.905,-0.005
5.91,-0.018
5.915,-0.024
5.92,-0.023
5.925,-0.020
5.93,-0.018
5.935,-0.020
5.94,-0.024
5.945,-0.029
5.95,-0.031
5.955,-0.033
5.96,-0.035
5.965,-0.038
5.97,-0.043
5.975,-0.049
5.98,-0.054
5.985,-0.059
5.99,-0.062
5.995,-0.064
6,-0.063
6.005,-0.061
6.01,-0.056
6.015,-0.051
6.02,-0.047
6.025,-0.047
6.03,-0.047
6.035,-0.048
6.04,-0.045
6.045,-0.039
6.05,-0.033
6.055,-0.027
6.06,-0.024
6.065,-0.023
6.07,-0.022
6.075,-0.019
6.08,-0.016
6.085,-0.011
6.09,-0.004
6.095,0.003
6.1,0.008
6.105,0.010
6.11,0.012
6.115,0.012
6.12,0.013
6.125,0.016
6.13,0.019
6.135,0.022
6.14,0.024
6.145,0.027
6.15,0.031
6.155,0.035
6.16,0.037
6.165,0.037
6.17,0.036
6.175,0.035
6.18,0.037
6.185,0.040
6.19,0.043
6.195,0.043
6.2,0.038
6.205,0.031
6.21,0.024
6.215,0.021
6.22,0.022
6.225,0.025
6.23,0.027
6.235,0.025
6.24,0.018
6.245,0.008
6.25,-0.002
6.255,-0.010
6.26,-0.018
6.265,-0.023
6.27,-0.026
6.275,-0.027
6.28,-0.027
6.285,-0.026
6.29,-0.027
6.295,-0.032
6.3,-0.039
6.305,-0.045
6.31,-0.048
6.315,-0.048
6.32,-0.048
6.325,-0.049
6.33,-0.052
6.335,-0.057
6.34,-0.060
6.345,-0.060
6.35,-0.057
6.355,-0.053
6.36,-0.051
6.365,-0.051
6.37,-0.053
6.375,-0.053
6.38,-0.048
6.385,-0.038
6.39,-0.027
6.395,-0.021
6.4,-0.020
6.405,-0.022
6.41,-0.024
6.415,-0.024
6.42,-0.024
6.425,-0.024
6.43,-0.023
6.435,-0.018
6.44,-0.010
6.445,0.001
6.45,0.011
6.455,0.017
6.46,0.019
6.465,0.018
6.47,0.017
6.475,0.017
6.48,0.019
6.485,0.023
6.49,0.028
6.495,0.033
6.5,0.035
6.505,0.035
6.51,0.031
6.515,0.027
6.52,0.028
6.525,0.033
6.53,0.041
6.535,0.045
6.54,0.043
6.545,0.034
6.55,0.023
6.555,0.015
6.56,0.013
6.565,0.014
6.57,0.015
6.575,0.012
6.58,0.008
6.585,0.004
6.59,0.002
6.595,0.002
6.6,0.003
6.605,0.000
6.61,-0.006
6.615,-0.014
6.62,-0.021
6.625,-0.024
6.63,-0.024
6.635,-0.024
6.64,-0.024
6.645,-0.025
6.65,-0.028
6.655,-0.033
6.66,-0.039
6.665,-0.042
6.67,-0.042
6.675,-0.036
6.68,-0.029
6.685,-0.023
6.69,-0.024
6.695,-0.030
6.7,-0.036
6.705,-0.038
6.71,-0.034
6.715,-0.028
6.72,-0.024
6.725,-0.023
6.73,-0.025
6.735,-0.027
6.74,-0.027
6.745,-0.024
6.75,-0.021
6.755,-0.019
6.76,-0.017
6.765,-0.015
6.77,-0.013
6.775,-0.011
6.78,-0.009
6.785,-0.007
6.79,-0.005
6.795,-0.003
6.8,0.000
6.805,0.002
6.81,0.003
6.815,0.002
6.82,0.003
6.825,0.006
6.83,0.011
6.835,0.017
6.84,0.021
6.845,0.022
6.85,0.020
6.855,0.017
6.86,0.016
6.865,0.018
6.87,0.022
6.875,0.027
6.88,0.028
6.885,0.025
6.89,0.019
6.895,0.013
6.9,0.009
6.905,0.009
6.91,0.010
6.915,0.010
6.92,0.007
6.925,0.005
6.93,0.003
6.935,0.003
6.94,0.003
6.945,0.001
6.95,-0.002
6.955,-0.004
6.96,-0.003
6.965,-0.001
6.97,0.000
6.975,-0.002
6.98,-0.007
6.985,-0.014
6.99,-0.018
6.995,-0.019
7,-0.017
7.005,-0.014
7.01,-0.012
7.015,-0.013
7.02,-0.015
7.025,-0.016
7.03,-0.015
7.035,-0.012
7.04,-0.010
7.045,-0.013
7.05,-0.020
7.055,-0.027
7.06,-0.032
7.065,-0.031
7.07,-0.025
7.075,-0.019
7.08,-0.013
7.085,-0.010
7.09,-0.010
7.095,-0.010
7.1,-0.009
7.105,-0.008
7.11,-0.006
7.115,-0.006
7.12,-0.009
7.125,-0.014
7.13,-0.019
7.135,-0.021
7.14,-0.019
7.145,-0.014
7.15,-0.009
7.155,-0.007
7.16,-0.007
7.165,-0.007
7.17,-0.005
7.175,-0.003
7.18,-0.002
7.185,-0.003
7.19,-0.005
7.195,-0.006
7.2,-0.005
7.205,-0.002
7.21,0.002
7.215,0.008
7.22,0.013
7.225,0.017
7.23,0.020
7.235,0.021
7.24,0.020
7.245,0.016
7.25,0.013
7.255,0.012
7.26,0.013
7.265,0.016
7.27,0.018
7.275,0.019
7.28,0.018
7.285,0.016
7.29,0.017
7.295,0.022
7.3,0.028
7.305,0.033
7.31,0.035
7.315,0.032
7.32,0.025
7.325,0.017
7.33,0.011
7.335,0.009
7.34,0.010
7.345,0.011
7.35,0.012
7.355,0.010
7.36,0.007
7.365,0.004
7.37,0.001
7.375,-0.002
7.38,-0.004
7.385,-0.006
7.39,-0.007
7.395,-0.008
7.4,-0.010
7.405,-0.014
7.41,-0.017
7.415,-0.017
7.42,-0.015
7.425,-0.012
7.43,-0.011
7.435,-0.014
7.44,-0.019
7.445,-0.024
7.45,-0.025
7.455,-0.023
7.46,-0.021
7.465,-0.020
7.47,-0.020
7.475,-0.021
7.48,-0.021
7.485,-0.020
7.49,-0.018
7.495,-0.016
7.5,-0.016
7.505,-0.016
7.51,-0.015
7.515,-0.011
7.52,-0.007
7.525,-0.003
7.53,-0.002
7.535,-0.002
7.54,-0.003
7.545,-0.001
7.55,0.003
7.555,0.009
7.56,0.013
7.565,0.016
7.57,0.018
7.575,0.018
7.58,0.019
7.585,0.020
7.59,0.021
7.595,0.022
7.6,0.024
7.605,0.026
7.61,0.031
7.615,0.034
7.62,0.034
7.625,0.030
7.63,0.024
7.635,0.019
7.64,0.015
7.645,0.014
7.65,0.013
7.655,0.011
7.66,0.009
7.665,0.008
7.67,0.009
7.675,0.011
7.68,0.011
7.685,0.007
7.69,-0.002
7.695,-0.012
7.7,-0.019
7.705,-0.021
7.71,-0.018
7.715,-0.013
7.72,-0.012
7.725,-0.014
7.73,-0.019
7.735,-0.023
7.74,-0.027
7.745,-0.029
7.75,-0.029
7.755,-0.027
7.76,-0.022
7.765,-0.015
7.77,-0.011
7.775,-0.011
7.78,-0.015
7.785,-0.018
7.79,-0.018
7.795,-0.012
7.8,-0.005
7.805,0.000
7.81,-0.001
7.815,-0.006
7.82,-0.009
7.825,-0.009
7.83,-0.005
7.835,0.000
7.84,0.003
7.845,0.004
7.85,0.004
7.855,0.003
7.86,0.002
7.865,0.001
7.87,0.000
7.875,-0.001
7.88,0.001
7.885,0.004
7.89,0.007
7.895,0.008
7.9,0.009
7.905,0.010
7.91,0.012
7.915,0.014
7.92,0.016
7.925,0.017
7.93,0.015
7.935,0.012
7.94,0.010
7.945,0.010
7.95,0.009
7.955,0.009
7.96,0.007
7.965,0.005
7.97,0.003
7.975,0.002
7.98,0.003
7.985,0.004
7.99,0.002
7.995,-0.003
8,-0.009
8.005,-0.010
8.01,-0.005
8.015,0.000
8.02,0.003
8.025,0.000
8.03,-0.006
8.035,-0.010
8.04,-0.010
8.045,-0.009
8.05,-0.010
8.055,-0.014
8.06,-0.018
8.065,-0.019
8.07,-0.015
8.075,-0.009
8.08,-0.002
8.085,0.002
8.09,0.003
8.095,0.003
8.1,0.004
8.105,0.006
8.11,0.010
8.115,0.012
8.12,0.013
8.125,0.011
8.13,0.008
8.135,0.005
8.14,0.003
8.145,0.001
8.15,0.002
8.155,0.005
8.16,0.010
8.165,0.014
8.17,0.013
8.175,0.010
8.18,0.005
8.185,0.000
8.19,-0.004
8.195,-0.006
8.2,-0.006
8.205,-0.005
8.21,-0.006
8.215,-0.009
8.22,-0.014
8.225,-0.019
8.23,-0.022
8.235,-0.020
8.24,-0.016
8.245,-0.011
8.25,-0.006
8.255,-0.001
8.26,0.003
8.265,0.004
8.27,0.002
8.275,-0.004
8.28,-0.009
8.285,-0.013
8.29,-0.013
8.295,-0.010
8.3,-0.006
8.305,-0.002
8.31,0.001
8.315,0.004
8.32,0.005
8.325,0.004
8.33,0.003
8.335,0.003
8.34,0.006
8.345,0.011
8.35,0.014
8.355,0.014
8.36,0.009
8.365,0.002
8.37,-0.003
8.375,-0.003
8.38,0.003
8.385,0.012
8.39,0.018
8.395,0.019
8.4,0.016
8.405,0.011
8.41,0.006
8.415,0.003
8.42,0.002
8.425,0.001
8.43,0.000
8.435,-0.002
8.44,-0.003
8.445,-0.003
8.45,-0.002
8.455,-0.001
8.46,-0.002
8.465,-0.002
8.47,-0.002
8.475,0.000
8.48,0.004
8.485,0.007
8.49,0.008
8.495,0.006
8.5,0.001
8.505,-0.004
8.51,-0.008
8.515,-0.009
8.52,-0.007
8.525,-0.003
8.53,0.000
8.535,0.001
8.54,-0.001
8.545,-0.005
8.55,-0.009
8.555,-0.011
8.56,-0.009
8.565,-0.005
8.57,0.002
8.575,0.007
8.58,0.010
8.585,0.009
8.59,0.006
8.595,0.004
8.6,0.002
8.605,0.003
8.61,0.005
8.615,0.008
8.62,0.010
8.625,0.009
8.63,0.006
8.635,0.002
8.64,-0.001
8.645,-0.003
8.65,-0.002
8.655,0.001
8.66,0.003
8.665,0.004
8.67,0.004
8.675,0.003
8.68,0.002
8.685,0.001
8.69,0.000
8.695,0.000
8.7,-0.001
8.705,0.000
8.71,0.002
8.715,0.005
8.72,0.005
8.725,0.004
8.73,0.003
8.735,0.003
8.74,0.007
8.745,0.012
8.75,0.017
8.755,0.018
8.76,0.015
8.765,0.010
8.77,0.007
8.775,0.007
8.78,0.008
8.785,0.010
8.79,0.011
8.795,0.012
8.8,0.014
8.805,0.017
8.81,0.019
8.815,0.020
8.82,0.018
8.825,0.015
8.83,0.012
8.835,0.010
8.84,0.009
8.845,0.008
8.85,0.008
8.855,0.007
8.86,0.006
8.865,0.005
8.87,0.004
8.875,0.002
8.88,-0.002
8.885,-0.006
8.89,-0.009
8.895,-0.010
8.9,-0.010
8.905,-0.010
8.91,-0.012
8.915,-0.013
8.92,-0.012
8.925,-0.008
8.93,-0.001
8.935,0.005
8.94,0.008
8.945,0.007
8.95,0.004
8.955,0.002
8.96,0.002
8.965,0.004
8.97,0.008
8.975,0.011
8.98,0.011
8.985,0.008
8.99,0.007
8.995,0.008
9,0.013
9.005,0.020
9.01,0.026
9.015,0.027
9.02,0.025
9.025,0.021
9.03,0.018
9.035,0.017
9.04,0.016
9.045,0.013
9.05,0.010
9.055,0.008
9.06,0.007
9.065,0.008
9.07,0.009
9.075,0.011
9.08,0.012
9.085,0.012
9.09,0.011
9.095,0.009
9.1,0.004
9.105,-0.001
9.11,-0.006
9.115,-0.009
9.12,-0.007
9.125,-0.004
9.13,-0.001
9.135,-0.001
9.14,-0.006
9.145,-0.014
9.15,-0.022
9.155,-0.029
9.16,-0.033
9.165,-0.032
9.17,-0.030
9.175,-0.028
9.18,-0.027
9.185,-0.026
9.19,-0.022
9.195,-0.013
9.2,-0.002
9.205,0.008
9.21,0.014
9.215,0.013
9.22,0.009
9.225,0.004
9.23,0.001
9.235,0.000
9.24,0.000
9.245,-0.001
9.25,0.000
9.255,0.009
9.26,0.028
9.265,0.054
9.27,0.079
9.275,0.093
9.28,0.092
9.285,0.081
9.29,0.067
9.295,0.057
9.3,0.054
9.305,0.055
9.31,0.055
9.315,0.052
9.32,0.047
9.325,0.043
9.33,0.042
9.335,0.043
9.34,0.044
9.345,0.042
9.35,0.037
9.355,0.029
9.36,0.022
9.365,0.017
9.37,0.016
9.375,0.016
9.38,0.015
9.385,0.010
9.39,0.000
9.395,-0.015
9.4,-0.034
9.405,-0.058
9.41,-0.084
9.415,-0.110
9.42,-0.131
9.425,-0.145
9.43,-0.146
9.435,-0.137
9.44,-0.118
9.445,-0.096
9.45,-0.074
9.455,-0.054
9.46,-0.037
9.465,-0.026
9.47,-0.022
9.475,-0.027
9.48,-0.039
9.485,-0.052
9.49,-0.062
9.495,-0.063
9.5,-0.057
9.505,-0.047
9.51,-0.040
9.515,-0.034
9.52,-0.028
9.525,-0.018
9.53,-0.003
9.535,0.019
9.54,0.044
9.545,0.066
9.55,0.081
9.555,0.090
9.56,0.093
9.565,0.095
9.57,0.097
9.575,0.098
9.58,0.095
9.585,0.087
9.59,0.074
9.595,0.062
9.6,0.055
9.605,0.055
9.61,0.061
9.615,0.069
9.62,0.075
9.625,0.078
9.63,0.077
9.635,0.077
9.64,0.077
9.645,0.075
9.65,0.069
9.655,0.055
9.66,0.034
9.665,0.010
9.67,-0.012
9.675,-0.026
9.68,-0.031
9.685,-0.030
9.69,-0.027
9.695,-0.028
9.7,-0.031
9.705,-0.035
9.71,-0.038
9.715,-0.038
9.72,-0.041
9.725,-0.051
9.73,-0.065
9.735,-0.080
9.74,-0.088
9.745,-0.084
9.75,-0.071
9.755,-0.053
9.76,-0.038
9.765,-0.028
9.77,-0.022
9.775,-0.015
9.78,-0.006
9.785,0.003
9.79,0.012
9.795,0.020
9.8,0.028
9.805,0.033
9.81,0.034
9.815,0.029
9.82,0.021
9.825,0.011
9.83,0.006
9.835,0.012
9.84,0.030
9.845,0.053
9.85,0.074
9.855,0.085
9.86,0.087
9.865,0.087
9.87,0.093
9.875,0.104
9.88,0.114
9.885,0.117
9.89,0.110
9.895,0.097
9.9,0.082
9.905,0.069
9.91,0.057
9.915,0.043
9.92,0.025
9.925,0.004
9.93,-0.016
9.935,-0.028
9.94,-0.032
9.945,-0.029
9.95,-0.024
9.955,-0.022
9.96,-0.028
9.965,-0.041
9.97,-0.056
9.975,-0.072
9.98,-0.088
9.985,-0.106
9.99,-0.129
9.995,-0.158
10,-0.189
10.005,-0.212
10.01,-0.217
10.015,-0.199
10.02,-0.165
10.025,-0.129
10.03,-0.100
10.035,-0.081
10.04,-0.068
10.045,-0.054
10.05,-0.035
10.055,-0.017
10.06,-0.008
10.065,-0.010
10.07,-0.022
10.075,-0.035
10.08,-0.040
10.085,-0.032
10.09,-0.014
10.095,0.009
10.1,0.032
10.105,0.054
10.11,0.078
10.115,0.108
10.12,0.144
10.125,0.179
10.13,0.206
10.135,0.219
10.14,0.217
10.145,0.207
10.15,0.196
10.155,0.187
10.16,0.180
10.165,0.170
10.17,0.157
10.175,0.142
10.18,0.131
10.185,0.129
10.19,0.138
10.195,0.152
10.2,0.161
10.205,0.157
10.21,0.135
10.215,0.099
10.22,0.059
10.225,0.023
10.23,-0.006
10.235,-0.031
10.24,-0.058
10.245,-0.091
10.25,-0.123
10.255,-0.147
10.26,-0.155
10.265,-0.147
10.27,-0.132
10.275,-0.124
10.28,-0.129
10.285,-0.146
10.29,-0.165
10.295,-0.177
10.3,-0.178
10.305,-0.171
10.31,-0.163
10.315,-0.158
10.32,-0.157
10.325,-0.154
10.33,-0.145
10.335,-0.127
10.34,-0.101
10.345,-0.070
10.35,-0.041
10.355,-0.016
10.36,0.003
10.365,0.017
10.37,0.029
10.375,0.039
10.38,0.047
10.385,0.052
10.39,0.056
10.395,0.060
10.4,0.068
10.405,0.082
10.41,0.100
10.415,0.117
10.42,0.130
10.425,0.137
10.43,0.142
10.435,0.145
10.44,0.149
10.445,0.153
10.45,0.153
10.455,0.145
10.46,0.131
10.465,0.112
10.47,0.094
10.475,0.079
10.48,0.069
10.485,0.061
10.49,0.053
10.495,0.043
10.5,0.030
10.505,0.014
10.51,-0.003
10.515,-0.020
10.52,-0.034
10.525,-0.043
10.53,-0.050
10.535,-0.060
10.54,-0.075
10.545,-0.093
10.55,-0.113
10.555,-0.129
10.56,-0.140
10.565,-0.143
10.57,-0.140
10.575,-0.132
10.58,-0.121
10.585,-0.110
10.59,-0.101
10.595,-0.093
10.6,-0.084
10.605,-0.073
10.61,-0.060
10.615,-0.048
10.62,-0.040
10.625,-0.034
10.63,-0.027
10.635,-0.016
10.64,0.000
10.645,0.018
10.65,0.036
10.655,0.051
10.66,0.066
10.665,0.081
10.67,0.094
10.675,0.101
10.68,0.096
10.685,0.079
10.69,0.056
10.695,0.037
10.7,0.031
10.705,0.035
10.71,0.041
10.715,0.042
10.72,0.036
10.725,0.030
10.73,0.029
10.735,0.038
10.74,0.052
10.745,0.064
10.75,0.068
10.755,0.062
10.76,0.048
10.765,0.032
10.77,0.021
10.775,0.021
10.78,0.032
10.785,0.052
10.79,0.076
10.795,0.099
10.8,0.113
10.805,0.116
10.81,0.110
10.815,0.103
10.82,0.100
10.825,0.103
10.83,0.106
10.835,0.102
10.84,0.092
10.845,0.079
10.85,0.071
10.855,0.070
10.86,0.075
10.865,0.078
10.87,0.070
10.875,0.049
10.88,0.019
10.885,-0.011
10.89,-0.034
10.895,-0.042
10.9,-0.038
10.905,-0.028
10.91,-0.019
10.915,-0.016
10.92,-0.020
10.925,-0.029
10.93,-0.043
10.935,-0.067
10.94,-0.105
10.945,-0.156
10.95,-0.214
10.955,-0.265
10.96,-0.301
10.965,-0.321
10.97,-0.329
10.975,-0.332
10.98,-0.334
10.985,-0.337
10.99,-0.337
10.995,-0.333
11,-0.326
11.005,-0.320
11.01,-0.317
11.015,-0.314
11.02,-0.308
11.025,-0.294
11.03,-0.270
11.035,-0.232
11.04,-0.182
11.045,-0.122
11.05,-0.058
11.055,0.002
11.06,0.050
11.065,0.083
11.07,0.105
11.075,0.123
11.08,0.142
11.085,0.165
11.09,0.191
11.095,0.219
11.1,0.248
11.105,0.280
11.11,0.320
11.115,0.365
11.12,0.411
11.125,0.445
11.13,0.458
11.135,0.447
11.14,0.420
11.145,0.394
11.15,0.384
11.155,0.391
11.16,0.407
11.165,0.415
11.17,0.407
11.175,0.382
11.18,0.353
11.185,0.332
11.19,0.324
11.195,0.325
11.2,0.318
11.205,0.291
11.21,0.239
11.215,0.171
11.22,0.103
11.225,0.044
11.23,-0.004
11.235,-0.044
11.24,-0.084
11.245,-0.123
11.25,-0.160
11.255,-0.194
11.26,-0.226
11.265,-0.257
11.27,-0.286
11.275,-0.309
11.28,-0.326
11.285,-0.335
11.29,-0.338
11.295,-0.335
11.3,-0.331
11.305,-0.329
11.31,-0.331
11.315,-0.336
11.32,-0.339
11.325,-0.333
11.33,-0.315
11.335,-0.289
11.34,-0.261
11.345,-0.234
11.35,-0.208
11.355,-0.177
11.36,-0.141
11.365,-0.100
11.37,-0.061
11.375,-0.032
11.38,-0.014
11.385,-0.004
11.39,0.005
11.395,0.020
11.4,0.042
11.405,0.069
11.41,0.092
11.415,0.102
11.42,0.091
11.425,0.064
11.43,0.035
11.435,0.019
11.44,0.022
11.445,0.038
11.45,0.051
11.455,0.052
11.46,0.039
11.465,0.019
11.47,0.007
11.475,0.009
11.48,0.020
11.485,0.029
11.49,0.023
11.495,-0.005
11.5,-0.053
11.505,-0.110
11.51,-0.159
11.515,-0.189
11.52,-0.195
11.525,-0.182
11.53,-0.156
11.535,-0.126
11.54,-0.095
11.545,-0.067
11.55,-0.044
11.555,-0.030
11.56,-0.027
11.565,-0.035
11.57,-0.049
11.575,-0.063
11.58,-0.066
11.585,-0.053
11.59,-0.021
11.595,0.026
11.6,0.081
11.605,0.137
11.61,0.188
11.615,0.233
11.62,0.271
11.625,0.302
11.63,0.329
11.635,0.352
11.64,0.370
11.645,0.388
11.65,0.408
11.655,0.431
11.66,0.457
11.665,0.482
11.67,0.498
11.675,0.503
11.68,0.495
11.685,0.477
11.69,0.451
11.695,0.418
11.7,0.377
11.705,0.326
11.71,0.266
11.715,0.203
11.72,0.144
11.725,0.096
11.73,0.059
11.735,0.028
11.74,-0.004
11.745,-0.044
11.75,-0.094
11.755,-0.151
11.76,-0.210
11.765,-0.264
11.77,-0.310
11.775,-0.347
11.78,-0.379
11.785,-0.410
11.79,-0.440
11.795,-0.470
11.8,-0.497
11.805,-0.520
11.81,-0.537
11.815,-0.552
11.82,-0.564
11.825,-0.571
11.83,-0.572
11.835,-0.564
11.84,-0.547
11.845,-0.523
11.85,-0.496
11.855,-0.467
11.86,-0.436
11.865,-0.401
11.87,-0.361
11.875,-0.319
11.88,-0.275
11.885,-0.227
11.89,-0.174
11.895,-0.114
11.9,-0.048
11.905,0.019
11.91,0.083
11.915,0.142
11.92,0.195
11.925,0.243
11.93,0.287
11.935,0.326
11.94,0.361
11.945,0.392
11.95,0.422
11.955,0.449
11.96,0.475
11.965,0.496
11.97,0.511
11.975,0.518
11.98,0.519
11.985,0.512
11.99,0.496
11.995,0.468
12,0.429
12.005,0.383
12.01,0.335
12.015,0.291
12.02,0.255
12.025,0.226
12.03,0.198
12.035,0.170
12.04,0.139
12.045,0.105
12.05,0.067
12.055,0.024
12.06,-0.023
12.065,-0.071
12.07,-0.116
12.075,-0.152
12.08,-0.178
12.085,-0.198
12.09,-0.216
12.095,-0.236
12.1,-0.258
12.105,-0.275
12.11,-0.286
12.115,-0.291
12.12,-0.292
12.125,-0.293
12.13,-0.296
12.135,-0.297
12.14,-0.293
12.145,-0.280
12.15,-0.260
12.155,-0.234
12.16,-0.206
12.165,-0.177
12.17,-0.148
12.175,-0.121
12.18,-0.094
12.185,-0.067
12.19,-0.040
12.195,-0.014
12.2,0.013
12.205,0.041
12.21,0.070
12.215,0.100
12.22,0.130
12.225,0.155
12.23,0.175
12.235,0.189
12.24,0.199
12.245,0.207
12.25,0.212
12.255,0.216
12.26,0.216
12.265,0.210
12.27,0.197
12.275,0.180
12.28,0.162
12.285,0.143
12.29,0.124
12.295,0.101
12.3,0.071
12.305,0.037
12.31,0.000
12.315,-0.034
12.32,-0.062
12.325,-0.085
12.33,-0.105
12.335,-0.124
12.34,-0.146
12.345,-0.168
12.35,-0.185
12.355,-0.195
12.36,-0.198
12.365,-0.200
12.37,-0.203
12.375,-0.208
12.38,-0.211
12.385,-0.207
12.39,-0.195
12.395,-0.178
12.4,-0.161
12.405,-0.146
12.41,-0.134
12.415,-0.119
12.42,-0.101
12.425,-0.079
12.43,-0.056
12.435,-0.034
12.44,-0.013
12.445,0.009
12.45,0.032
12.455,0.056
12.46,0.081
12.465,0.105
12.47,0.127
12.475,0.150
12.48,0.175
12.485,0.204
12.49,0.233
12.495,0.258
12.5,0.276
12.505,0.285
12.51,0.288
12.515,0.289
12.52,0.290
12.525,0.292
12.53,0.293
12.535,0.290
12.54,0.278
12.545,0.256
12.55,0.228
12.555,0.196
12.56,0.164
12.565,0.133
12.57,0.100
12.575,0.066
12.58,0.031
12.585,-0.005
12.59,-0.042
12.595,-0.080
12.6,-0.120
12.605,-0.159
12.61,-0.195
12.615,-0.226
12.62,-0.253
12.625,-0.277
12.63,-0.297
12.635,-0.312
12.64,-0.321
12.645,-0.324
12.65,-0.324
12.655,-0.323
12.66,-0.320
12.665,-0.315
12.67,-0.305
12.675,-0.291
12.68,-0.277
12.685,-0.263
12.69,-0.249
12.695,-0.233
12.7,-0.212
12.705,-0.186
12.71,-0.155
12.715,-0.120
12.72,-0.085
12.725,-0.053
12.73,-0.024
12.735,0.003
12.74,0.033
12.745,0.067
12.75,0.104
12.755,0.141
12.76,0.172
12.765,0.197
12.77,0.220
12.775,0.243
12.78,0.266
12.785,0.287
12.79,0.303
12.795,0.314
12.8,0.321
12.805,0.327
12.81,0.332
12.815,0.332
12.82,0.327
12.825,0.315
12.83,0.298
12.835,0.277
12.84,0.252
12.845,0.225
12.85,0.197
12.855,0.168
12.86,0.136
12.865,0.100
12.87,0.060
12.875,0.019
12.88,-0.021
12.885,-0.056
12.89,-0.085
12.895,-0.111
12.9,-0.137
12.905,-0.165
12.91,-0.192
12.915,-0.215
12.92,-0.234
12.925,-0.248
12.93,-0.260
12.935,-0.272
12.94,-0.281
12.945,-0.285
12.95,-0.283
12.955,-0.276
12.96,-0.267
12.965,-0.257
12.97,-0.246
12.975,-0.233
12.98,-0.218
12.985,-0.200
12.99,-0.180
12.995,-0.160
13,-0.139
13.005,-0.116
13.01,-0.090
13.015,-0.064
13.02,-0.040
13.025,-0.019
13.03,0.000
13.035,0.019
13.04,0.042
13.045,0.067
13.05,0.092
13.055,0.115
13.06,0.134
13.065,0.151
13.07,0.166
13.075,0.182
13.08,0.197
13.085,0.208
13.09,0.212
13.095,0.211
13.1,0.208
13.105,0.204
13.11,0.198
13.115,0.187
13.12,0.170
13.125,0.149
13.13,0.130
13.135,0.115
13.14,0.104
13.145,0.093
13.15,0.078
13.155,0.055
13.16,0.027
13.165,-0.001
13.17,-0.026
13.175,-0.047
13.18,-0.064
13.185,-0.078
13.19,-0.091
13.195,-0.103
13.2,-0.112
13.205,-0.119
13.21,-0.127
13.215,-0.133
13.22,-0.138
13.225,-0.138
13.23,-0.134
13.235,-0.127
13.24,-0.122
13.245,-0.118
13.25,-0.116
13.255,-0.111
13.26,-0.102
13.265,-0.088
13.27,-0.070
13.275,-0.052
13.28,-0.035
13.285,-0.020
13.29,-0.007
13.295,0.007
13.3,0.022
13.305,0.039
13.31,0.054
13.315,0.069
13.32,0.080
13.325,0.087
13.33,0.089
13.335,0.090
13.34,0.093
13.345,0.100
13.35,0.109
13.355,0.116
13.36,0.117
13.365,0.111
13.37,0.101
13.375,0.093
13.38,0.089
13.385,0.089
13.39,0.086
13.395,0.076
13.4,0.060
13.405,0.039
13.41,0.018
13.415,0.000
13.42,-0.015
13.425,-0.030
13.43,-0.049
13.435,-0.070
13.44,-0.090
13.445,-0.105
13.45,-0.113
13.455,-0.116
13.46,-0.118
13.465,-0.123
13.47,-0.132
13.475,-0.143
13.48,-0.150
13.485,-0.152
13.49,-0.149
13.495,-0.142
13.5,-0.133
13.505,-0.126
13.51,-0.118
13.515,-0.108
13.52,-0.096
13.525,-0.080
13.53,-0.062
13.535,-0.043
13.54,-0.024
13.545,-0.005
13.55,0.014
13.555,0.031
13.56,0.045
13.565,0.057
13.57,0.069
13.575,0.083
13.58,0.099
13.585,0.115
13.59,0.129
13.595,0.142
13.6,0.153
13.605,0.161
13.61,0.164
13.615,0.162
13.62,0.154
13.625,0.145
13.63,0.138
13.635,0.137
13.64,0.140
13.645,0.142
13.65,0.138
13.655,0.127
13.66,0.110
13.665,0.090
13.67,0.071
13.675,0.052
13.68,0.034
13.685,0.018
13.69,0.004
13.695,-0.008
13.7,-0.023
13.705,-0.042
13.71,-0.064
13.715,-0.086
13.72,-0.104
13.725,-0.116
13.73,-0.126
13.735,-0.134
13.74,-0.141
13.745,-0.148
13.75,-0.155
13.755,-0.162
13.76,-0.169
13.765,-0.173
13.77,-0.174
13.775,-0.171
13.78,-0.165
13.785,-0.159
13.79,-0.153
13.795,-0.146
13.8,-0.134
13.805,-0.118
13.81,-0.097
13.815,-0.077
13.82,-0.061
13.825,-0.048
13.83,-0.038
13.835,-0.024
13.84,-0.007
13.845,0.012
13.85,0.032
13.855,0.049
13.86,0.063
13.865,0.075
13.87,0.089
13.875,0.106
13.88,0.124
13.885,0.139
13.89,0.148
13.895,0.150
13.9,0.147
13.905,0.144
13.91,0.141
13.915,0.142
13.92,0.142
13.925,0.140
13.93,0.135
13.935,0.129
13.94,0.122
13.945,0.115
13.95,0.107
13.955,0.099
13.96,0.088
13.965,0.074
13.97,0.058
13.975,0.039
13.98,0.020
13.985,0.002
13.99,-0.013
13.995,-0.028
14,-0.043
14.005,-0.059
14.01,-0.074
14.015,-0.087
14.02,-0.095
14.025,-0.099
14.03,-0.102
14.035,-0.104
14.04,-0.108
14.045,-0.115
14.05,-0.123
14.055,-0.129
14.06,-0.132
14.065,-0.129
14.07,-0.121
14.075,-0.112
14.08,-0.103
14.085,-0.095
14.09,-0.088
14.095,-0.081
14.1,-0.073
14.105,-0.064
14.11,-0.052
14.115,-0.038
14.12,-0.023
14.125,-0.008
14.13,0.005
14.135,0.015
14.14,0.024
14.145,0.031
14.15,0.039
14.155,0.047
14.16,0.056
14.165,0.065
14.17,0.072
14.175,0.078
14.18,0.080
14.185,0.081
14.19,0.081
14.195,0.082
14.2,0.079
14.205,0.074
14.21,0.066
14.215,0.059
14.22,0.053
14.225,0.050
14.23,0.048
14.235,0.045
14.24,0.039
14.245,0.029
14.25,0.015
14.255,0.001
14.26,-0.009
14.265,-0.013
14.27,-0.012
14.275,-0.012
14.28,-0.017
14.285,-0.027
14.29,-0.040
14.295,-0.053
14.3,-0.063
14.305,-0.067
14.31,-0.066
14.315,-0.061
14.32,-0.058
14.325,-0.057
14.33,-0.060
14.335,-0.063
14.34,-0.065
14.345,-0.064
14.35,-0.060
14.355,-0.055
14.36,-0.049
14.365,-0.042
14.37,-0.034
14.375,-0.025
14.38,-0.017
14.385,-0.008
14.39,0.002
14.395,0.011
14.4,0.019
14.405,0.023
14.41,0.027
14.415,0.031
14.42,0.037
14.425,0.045
14.43,0.053
14.435,0.057
14.44,0.058
14.445,0.055
14.45,0.052
14.455,0.049
14.46,0.050
14.465,0.052
14.47,0.056
14.475,0.058
14.48,0.057
14.485,0.052
14.49,0.045
14.495,0.036
14.5,0.028
14.505,0.020
14.51,0.010
14.515,0.001
14.52,-0.005
14.525,-0.007
14.53,-0.009
14.535,-0.013
14.54,-0.022
14.545,-0.033
14.55,-0.043
14.555,-0.048
14.56,-0.049
14.565,-0.046
14.57,-0.044
14.575,-0.046
14.58,-0.053
14.585,-0.063
14.59,-0.072
14.595,-0.077
14.6,-0.075
14.605,-0.067
14.61,-0.058
14.615,-0.051
14.62,-0.049
14.625,-0.051
14.63,-0.052
14.635,-0.051
14.64,-0.045
14.645,-0.037
14.65,-0.028
14.655,-0.020
14.66,-0.013
14.665,-0.005
14.67,0.006
14.675,0.018
14.68,0.030
14.685,0.037
14.69,0.041
14.695,0.043
14.7,0.047
14.705,0.055
14.71,0.064
14.715,0.069
14.72,0.069
14.725,0.064
14.73,0.059
14.735,0.057
14.74,0.060
14.745,0.066
14.75,0.071
14.755,0.070
14.76,0.063
14.765,0.053
14.77,0.042
14.775,0.035
14.78,0.031
14.785,0.029
14.79,0.025
14.795,0.019
14.8,0.011
14.805,0.002
14.81,-0.007
14.815,-0.017
14.82,-0.026
14.825,-0.034
14.83,-0.039
14.835,-0.042
14.84,-0.045
14.845,-0.049
14.85,-0.055
14.855,-0.062
14.86,-0.066
14.865,-0.066
14.87,-0.064
14.875,-0.062
14.88,-0.061
14.885,-0.062
14.89,-0.064
14.895,-0.065
14.9,-0.064
14.905,-0.060
14.91,-0.056
14.915,-0.052
14.92,-0.049
14.925,-0.048
14.93,-0.046
14.935,-0.041
14.94,-0.033
14.945,-0.023
14.95,-0.013
14.955,-0.002
14.96,0.007
14.965,0.015
14.97,0.020
14.975,0.023
14.98,0.024
14.985,0.025
14.99,0.026
14.995,0.030
15,0.037
15.005,0.046
15.01,0.054
15.015,0.062
15.02,0.066
15.025,0.066
15.03,0.064
15.035,0.061
15.04,0.059
15.045,0.058
15.05,0.058
15.055,0.057
15.06,0.055
15.065,0.050
15.07,0.043
15.075,0.033
15.08,0.024
15.085,0.018
15.09,0.014
15.095,0.013
15.1,0.011
15.105,0.006
15.11,-0.002
15.115,-0.013
15.12,-0.022
15.125,-0.029
15.13,-0.034
15.135,-0.036
15.14,-0.039
15.145,-0.044
15.15,-0.052
15.155,-0.060
15.16,-0.067
15.165,-0.070
15.17,-0.068
15.175,-0.065
15.18,-0.062
15.185,-0.061
15.19,-0.064
15.195,-0.066
15.2,-0.066
15.205,-0.063
15.21,-0.055
15.215,-0.045
15.22,-0.036
15.225,-0.032
15.23,-0.033
15.235,-0.035
15.24,-0.035
15.245,-0.028
15.25,-0.017
15.255,-0.004
15.26,0.006
15.265,0.011
15.27,0.014
15.275,0.019
15.28,0.028
15.285,0.039
15.29,0.045
15.295,0.045
15.3,0.040
15.305,0.036
15.31,0.037
15.315,0.045
15.32,0.055
15.325,0.060
15.33,0.058
15.335,0.052
15.34,0.047
15.345,0.045
15.35,0.046
15.355,0.044
15.36,0.037
15.365,0.027
15.37,0.019
15.375,0.014
15.38,0.013
15.385,0.014
15.39,0.013
15.395,0.010
15.4,0.004
15.405,-0.005
15.41,-0.014
15.415,-0.022
15.42,-0.028
15.425,-0.033
15.43,-0.038
15.435,-0.043
15.44,-0.048
15.445,-0.052
15.45,-0.055
15.455,-0.055
15.46,-0.055
15.465,-0.054
15.47,-0.055
15.475,-0.057
15.48,-0.061
15.485,-0.063
15.49,-0.062
15.495,-0.056
15.5,-0.048
15.505,-0.040
15.51,-0.033
15.515,-0.028
15.52,-0.024
15.525,-0.021
15.53,-0.018
15.535,-0.015
15.54,-0.010
15.545,-0.004
15.55,0.005
15.555,0.014
15.56,0.021
15.565,0.027
15.57,0.031
15.575,0.034
15.58,0.038
15.585,0.043
15.59,0.049
15.595,0.056
15.6,0.059
15.605,0.060
15.61,0.058
15.615,0.055
15.62,0.053
15.625,0.051
15.63,0.048
15.635,0.044
15.64,0.038
15.645,0.035
15.65,0.035
15.655,0.036
15.66,0.035
15.665,0.029
15.67,0.018
15.675,0.003
15.68,-0.009
15.685,-0.015
15.69,-0.014
15.695,-0.011
15.7,-0.012
15.705,-0.020
15.71,-0.033
15.715,-0.045
15.72,-0.052
15.725,-0.052
15.73,-0.050
15.735,-0.050
15.74,-0.054
15.745,-0.061
15.75,-0.068
15.755,-0.072
15.76,-0.071
15.765,-0.066
15.77,-0.057
15.775,-0.047
15.78,-0.040
15.785,-0.036
15.79,-0.035
15.795,-0.033
15.8,-0.031
15.805,-0.026
15.81,-0.020
15.815,-0.012
15.82,-0.004
15.825,0.006
15.83,0.016
15.835,0.024
15.84,0.029
15.845,0.031
15.85,0.031
15.855,0.028
15.86,0.027
15.865,0.030
15.87,0.039
15.875,0.049
15.88,0.057
15.885,0.060
15.89,0.057
15.895,0.053
15.9,0.050
15.905,0.051
15.91,0.052
15.915,0.052
15.92,0.048
15.925,0.041
15.93,0.033
15.935,0.027
15.94,0.024
15.945,0.022
15.95,0.020
15.955,0.015
15.96,0.007
15.965,-0.002
15.97,-0.011
15.975,-0.018
15.98,-0.023
15.985,-0.025
15.99,-0.025
15.995,-0.025
16,-0.027
16.005,-0.030
16.01,-0.035
16.015,-0.043
16.02,-0.050
16.025,-0.057
16.03,-0.063
16.035,-0.065
16.04,-0.063
16.045,-0.057
16.05,-0.051
16.055,-0.049
16.06,-0.049
16.065,-0.047
16.07,-0.042
16.075,-0.032
16.08,-0.021
16.085,-0.012
16.09,-0.005
16.095,-0.001
16.1,0.002
16.105,0.006
16.11,0.010
16.115,0.014
16.12,0.017
16.125,0.021
16.13,0.025
16.135,0.031
16.14,0.038
16.145,0.045
16.15,0.049
16.155,0.050
16.16,0.048
16.165,0.047
16.17,0.048
16.175,0.051
16.18,0.055
16.185,0.056
16.19,0.053
16.195,0.046
16.2,0.038
16.205,0.033
16.21,0.031
16.215,0.032
16.22,0.034
16.225,0.034
16.23,0.030
16.235,0.022
16.24,0.013
16.245,0.004
16.25,-0.002
16.255,-0.005
16.26,-0.007
16.265,-0.010
16.27,-0.014
16.275,-0.020
16.28,-0.028
16.285,-0.038
16.29,-0.047
16.295,-0.053
16.3,-0.056
16.305,-0.055
16.31,-0.052
16.315,-0.050
16.32,-0.049
16.325,-0.051
16.33,-0.053
16.335,-0.053
16.34,-0.048
16.345,-0.042
16.35,-0.037
16.355,-0.033
16.36,-0.032
16.365,-0.031
16.37,-0.029
16.375,-0.025
16.38,-0.018
16.385,-0.011
16.39,-0.003
16.395,0.005
16.4,0.011
16.405,0.014
16.41,0.014
16.415,0.014
16.42,0.014
16.425,0.018
16.43,0.026
16.435,0.035
16.44,0.045
16.445,0.052
16.45,0.056
16.455,0.058
16.46,0.058
16.465,0.058
16.47,0.057
16.475,0.057
16.48,0.056
16.485,0.053
16.49,0.048
16.495,0.042
16.5,0.036
16.505,0.031
16.51,0.028
16.515,0.024
16.52,0.018
16.525,0.011
16.53,0.004
16.535,0.000
16.54,-0.001
16.545,-0.002
16.55,-0.006
16.555,-0.014
16.56,-0.024
16.565,-0.032
16.57,-0.034
16.575,-0.029
16.58,-0.023
16.585,-0.019
16.59,-0.022
16.595,-0.029
16.6,-0.037
16.605,-0.041
16.61,-0.040
16.615,-0.038
16.62,-0.037
16.625,-0.038
16.63,-0.039
16.635,-0.038
16.64,-0.032
16.645,-0.026
16.65,-0.022
16.655,-0.022
16.66,-0.024
16.665,-0.024
16.67,-0.020
16.675,-0.012
16.68,-0.002
16.685,0.005
16.69,0.008
16.695,0.007
16.7,0.004
16.705,0.003
16.71,0.006
16.715,0.012
16.72,0.021
16.725,0.029
16.73,0.035
16.735,0.038
16.74,0.040
16.745,0.040
16.75,0.039
16.755,0.037
16.76,0.037
16.765,0.037
16.77,0.037
16.775,0.035
16.78,0.029
16.785,0.023
16.79,0.017
16.795,0.013
16.8,0.009
16.805,0.007
16.81,0.007
16.815,0.008
16.82,0.007
16.825,0.003
16.83,-0.004
16.835,-0.012
16.84,-0.016
16.845,-0.017
16.85,-0.015
16.855,-0.013
16.86,-0.015
16.865,-0.019
16.87,-0.026
16.875,-0.033
16.88,-0.038
16.885,-0.039
16.89,-0.037
16.895,-0.032
16.9,-0.030
16.905,-0.030
16.91,-0.031
16.915,-0.032
16.92,-0.031
16.925,-0.028
16.93,-0.025
16.935,-0.021
16.94,-0.018
16.945,-0.014
16.95,-0.009
16.955,-0.005
16.96,-0.002
16.965,0.000
16.97,0.002
16.975,0.003
16.98,0.004
16.985,0.004
16.99,0.006
16.995,0.010
17,0.016
17.005,0.023
17.01,0.029
17.015,0.032
17.02,0.030
17.025,0.026
17.03,0.022
17.035,0.021
17.04,0.023
17.045,0.029
17.05,0.035
17.055,0.038
17.06,0.035
17.065,0.028
17.07,0.019
17.075,0.011
17.08,0.006
17.085,0.003
17.09,0.001
17.095,-0.002
17.1,-0.005
17.105,-0.006
17.11,-0.004
17.115,-0.001
17.12,0.000
17.125,-0.001
17.13,-0.005
17.135,-0.009
17.14,-0.012
17.145,-0.014
17.15,-0.015
17.155,-0.016
17.16,-0.016
17.165,-0.016
17.17,-0.018
17.175,-0.022
17.18,-0.027
17.185,-0.030
17.19,-0.031
17.195,-0.028
17.2,-0.021
17.205,-0.014
17.21,-0.010
17.215,-0.010
17.22,-0.011
17.225,-0.012
17.23,-0.009
17.235,-0.004
17.24,0.002
17.245,0.006
17.25,0.007
17.255,0.004
17.26,0.001
17.265,0.000
17.27,0.002
17.275,0.005
17.28,0.008
17.285,0.011
17.29,0.013
17.295,0.015
17.3,0.017
17.305,0.019
17.31,0.021
17.315,0.022
17.32,0.024
17.325,0.028
17.33,0.033
17.335,0.038
17.34,0.040
17.345,0.037
17.35,0.030
17.355,0.022
17.36,0.016
17.365,0.012
17.37,0.010
17.375,0.007
17.38,0.004
17.385,0.001
17.39,-0.001
17.395,0.000
17.4,0.002
17.405,0.002
17.41,-0.001
17.415,-0.006
17.42,-0.010
17.425,-0.012
17.43,-0.011
17.435,-0.008
17.44,-0.007
17.445,-0.009
17.45,-0.013
17.455,-0.017
17.46,-0.018
17.465,-0.017
17.47,-0.016
17.475,-0.015
17.48,-0.013
17.485,-0.010
17.49,-0.009
17.495,-0.010
17.5,-0.016
17.505,-0.023
17.51,-0.027
17.515,-0.024
17.52,-0.015
17.525,-0.003
17.53,0.006
17.535,0.008
17.54,0.005
17.545,0.000
17.55,-0.001
17.555,0.004
17.56,0.012
17.565,0.019
17.57,0.020
17.575,0.015
17.58,0.010
17.585,0.007
17.59,0.010
17.595,0.015
17.6,0.020
17.605,0.022
17.61,0.021
17.615,0.019
17.62,0.019
17.625,0.020
17.63,0.020
17.635,0.019
17.64,0.016
17.645,0.013
17.65,0.012
17.655,0.013
17.66,0.015
17.665,0.016
17.67,0.015
17.675,0.012
17.68,0.007
17.685,0.001
17.69,-0.004
17.695,-0.007
17.7,-0.008
17.705,-0.005
17.71,-0.002
17.715,0.000
17.72,-0.002
17.725,-0.007
17.73,-0.012
17.735,-0.013
17.74,-0.010
17.745,-0.005
17.75,-0.003
17.755,-0.005
17.76,-0.010
17.765,-0.017
17.77,-0.024
17.775,-0.027
17.78,-0.026
17.785,-0.019
17.79,-0.008
17.795,0.002
17.8,0.009
17.805,0.009
17.81,0.004
17.815,-0.001
17.82,-0.005
17.825,-0.004
17.83,0.001
17.835,0.008
17.84,0.012
17.845,0.012
17.85,0.009
17.855,0.007
17.86,0.008
17.865,0.011
17.87,0.014
17.875,0.013
17.88,0.010
17.885,0.007
17.89,0.006
17.895,0.010
17.9,0.014
17.905,0.018
17.91,0.022
17.915,0.024
17.92,0.026
17.925,0.024
17.93,0.020
17.935,0.014
17.94,0.008
17.945,0.003
17.95,0.000
17.955,-0.001
17.96,0.000
17.965,0.002
17.97,0.006
17.975,0.010
17.98,0.012
17.985,0.010
17.99,0.003
17.995,-0.005
18,-0.012
18.005,-0.013
18.01,-0.010
18.015,-0.005
18.02,-0.001
18.025,-0.001
18.03,-0.003
18.035,-0.007
18.04,-0.012
18.045,-0.017
18.05,-0.022
18.055,-0.025
18.06,-0.025
18.065,-0.022
18.07,-0.017
18.075,-0.012
18.08,-0.010
18.085,-0.011
18.09,-0.013
18.095,-0.015
18.1,-0.015
18.105,-0.014
18.11,-0.012
18.115,-0.007
18.12,-0.002
18.125,0.005
18.13,0.011
18.135,0.016
18.14,0.017
18.145,0.017
18.15,0.015
18.155,0.014
18.16,0.013
18.165,0.014
18.17,0.016
18.175,0.018
18.18,0.018
18.185,0.015
18.19,0.010
18.195,0.007
18.2,0.007
18.205,0.012
18.21,0.019
18.215,0.023
18.22,0.021
18.225,0.015
18.23,0.010
18.235,0.009
18.24,0.011
18.245,0.013
18.25,0.011
18.255,0.006
18.26,0.002
18.265,0.000
18.27,0.003
18.275,0.006
18.28,0.005
18.285,0.002
18.29,-0.002
18.295,-0.005
18.3,-0.006
18.305,-0.008
18.31,-0.011
18.315,-0.014
18.32,-0.016
18.325,-0.014
18.33,-0.009
18.335,-0.003
18.34,0.001
18.345,0.001
18.35,-0.001
18.355,-0.003
18.36,-0.004
18.365,-0.003
18.37,-0.002
18.375,-0.005
18.38,-0.009
18.385,-0.012
18.39,-0.010
18.395,-0.003
18.4,0.005
18.405,0.010
18.41,0.009
18.415,0.004
18.42,0.000
18.425,-0.001
18.43,0.001
18.435,0.005
18.44,0.009
18.445,0.012
18.45,0.013
18.455,0.013
18.46,0.014
18.465,0.015
18.47,0.016
18.475,0.015
18.48,0.013
18.485,0.010
18.49,0.008
18.495,0.007
18.5,0.007
18.505,0.009
18.51,0.011
18.515,0.012
18.52,0.011
18.525,0.010
18.53,0.010
18.535,0.011
18.54,0.012
18.545,0.013
18.55,0.013
18.555,0.013
18.56,0.012
18.565,0.011
18.57,0.008
18.575,0.002
18.58,-0.006
18.585,-0.015
18.59,-0.020
18.595,-0.020
18.6,-0.017
18.605,-0.014
18.61,-0.013
18.615,-0.015
18.62,-0.015
18.625,-0.012
18.63,-0.006
18.635,-0.001
18.64,0.000
18.645,-0.005
18.65,-0.012
18.655,-0.017
18.66,-0.018
18.665,-0.013
18.67,-0.006
18.675,-0.002
18.68,-0.001
18.685,-0.003
18.69,-0.006
18.695,-0.007
18.7,-0.003
18.705,0.003
18.71,0.007
18.715,0.007
18.72,0.003
18.725,-0.001
18.73,-0.001
18.735,0.003
18.74,0.010
18.745,0.014
18.75,0.013
18.755,0.007
18.76,0.000
18.765,-0.003
18.77,-0.001
18.775,0.004
18.78,0.008
18.785,0.010
18.79,0.007
18.795,0.003
18.8,0.001
18.805,0.002
18.81,0.004
18.815,0.006
18.82,0.007
18.825,0.008
18.83,0.008
18.835,0.008
18.84,0.007
18.845,0.004
18.85,0.002
18.855,0.003
18.86,0.007
18.865,0.011
18.87,0.010
18.875,0.004
18.88,-0.005
18.885,-0.013
18.89,-0.015
18.895,-0.010
18.9,-0.001
18.905,0.005
18.91,0.006
18.915,0.001
18.92,-0.005
18.925,-0.008
18.93,-0.007
18.935,-0.002
18.94,0.002
18.945,0.001
18.95,-0.005
18.955,-0.014
18.96,-0.019
18.965,-0.018
18.97,-0.011
18.975,-0.002
18.98,0.003
18.985,0.003
18.99,0.000
18.995,-0.003
19,-0.003
19.005,-0.001
19.01,0.003
19.015,0.008
19.02,0.013
19.025,0.015
19.03,0.015
19.035,0.015
19.04,0.016
19.045,0.016
19.05,0.016
19.055,0.014
19.06,0.012
19.065,0.010
19.07,0.010
19.075,0.012
19.08,0.012
19.085,0.009
19.09,0.003
19.095,-0.003
19.1,-0.005
19.105,-0.003
19.11,0.003
19.115,0.009
19.12,0.012
19.125,0.009
19.13,0.002
19.135,-0.005
19.14,-0.008
19.145,-0.006
19.15,-0.003
19.155,-0.002
19.16,-0.006
19.165,-0.009
19.17,-0.010
19.175,-0.006
19.18,0.000
19.185,0.004
19.19,0.001
19.195,-0.006
19.2,-0.016
19.205,-0.023
19.21,-0.025
19.215,-0.021
19.22,-0.013
19.225,-0.006
19.23,-0.003
19.235,-0.003
19.24,-0.006
19.245,-0.009
19.25,-0.008
19.255,-0.005
19.26,-0.001
19.265,0.003
19.27,0.005
19.275,0.006
19.28,0.006
19.285,0.006
19.29,0.006
19.295,0.007
19.3,0.008
19.305,0.009
19.31,0.009
19.315,0.008
19.32,0.006
19.325,0.003
19.33,0.003
19.335,0.006
19.34,0.011
19.345,0.018
19.35,0.022
19.355,0.022
19.36,0.017
19.365,0.011
19.37,0.007
19.375,0.005
19.38,0.004
19.385,0.004
19.39,0.004
19.395,0.005
19.4,0.007
19.405,0.008
19.41,0.006
19.415,0.002
19.42,-0.004
19.425,-0.009
19.43,-0.011
19.435,-0.010
19.44,-0.008
19.445,-0.007
19.45,-0.008
19.455,-0.010
19.46,-0.013
19.465,-0.014
19.47,-0.013
19.475,-0.010
19.48,-0.008
19.485,-0.007
19.49,-0.009
19.495,-0.012
19.5,-0.014
19.505,-0.012
19.51,-0.005
19.515,0.004
19.52,0.009
19.525,0.009
19.53,0.005
19.535,-0.001
19.54,-0.006
19.545,-0.009
19.55,-0.010
19.555,-0.009
19.56,-0.008
19.565,-0.005
19.57,0.002
19.575,0.009
19.58,0.014
19.585,0.014
19.59,0.011
19.595,0.007
19.6,0.006
19.605,0.008
19.61,0.012
19.615,0.015
19.62,0.015
19.625,0.013
19.63,0.009
19.635,0.005
19.64,0.001
19.645,0.000
19.65,0.003
19.655,0.009
19.66,0.014
19.665,0.015
19.67,0.011
19.675,0.005
19.68,-0.001
19.685,-0.002
19.69,0.001
19.695,0.007
19.7,0.012
19.705,0.014
19.71,0.010
19.715,0.003
19.72,-0.003
19.725,-0.006
19.73,-0.005
19.735,-0.002
19.74,-0.001
19.745,-0.001
19.75,-0.003
19.755,-0.005
19.76,-0.007
19.765,-0.007
19.77,-0.007
19.775,-0.007
19.78,-0.007
19.785,-0.006
19.79,-0.004
19.795,-0.002
19.8,0.002
19.805,0.006
19.81,0.008
19.815,0.006
19.82,0.003
19.825,0.001
19.83,0.003
19.835,0.007
19.84,0.012
19.845,0.016
19.85,0.017
19.855,0.014
19.86,0.010
19.865,0.006
19.87,0.004
19.875,0.003
19.88,0.004
19.885,0.007
19.89,0.009
19.895,0.011
19.9,0.013
19.905,0.014
19.91,0.013
19.915,0.009
19.92,0.003
19.925,-0.003
19.93,-0.006
19.935,-0.007
19.94,-0.006
19.945,-0.004
19.95,-0.002
19.955,0.000
19.96,0.001
19.965,0.002
19.97,0.003
19.975,0.002
19.98,0.000
19.985,-0.001
19.99,-0.003
19.995,-0.002
20,0.000
20.005,0.003
20.01,0.005
20.015,0.002
20.02,-0.004
20.025,-0.008
20.03,-0.010
20.035,-0.008
20.04,-0.004
20.045,-0.001
20.05,-0.001
20.055,-0.003
20.06,-0.006
20.065,-0.005
20.07,-0.001
20.075,0.005
20.08,0.008
20.085,0.008
20.09,0.005
20.095,0.002
20.1,0.001
20.105,0.001
20.11,0.000
20.115,-0.001
20.12,0.000
20.125,0.003
20.13,0.007
20.135,0.010
20.14,0.010
20.145,0.007
20.15,0.003
20.155,0.002
20.16,0.005
20.165,0.009
20.17,0.013
20.175,0.014
20.18,0.012
20.185,0.009
20.19,0.005
20.195,0.003
20.2,0.004
20.205,0.006
20.21,0.009
20.215,0.009
20.22,0.007
20.225,0.004
20.23,0.003
20.235,0.004
20.24,0.006
20.245,0.006
20.25,0.001
20.255,-0.005
20.26,-0.009
20.265,-0.010
20.27,-0.007
20.275,-0.003
20.28,0.000
20.285,0.003
20.29,0.005
20.295,0.004
20.3,0.001
20.305,-0.004
20.31,-0.007
20.315,-0.007
20.32,-0.003
20.325,0.003
20.33,0.007
20.335,0.008
20.34,0.006
20.345,0.005
20.35,0.004
20.355,0.006
20.36,0.008
20.365,0.009
20.37,0.007
20.375,0.002
20.38,-0.004
20.385,-0.008
20.39,-0.010
20.395,-0.009
20.4,-0.006
20.405,-0.004
20.41,-0.005
20.415,-0.007
20.42,-0.008
20.425,-0.007
20.43,-0.004
20.435,0.001
20.44,0.004
20.445,0.005
20.45,0.005
20.455,0.005
20.46,0.006
20.465,0.006
20.47,0.006
20.475,0.005
20.48,0.004
20.485,0.005
20.49,0.007
20.495,0.011
20.5,0.013
20.505,0.013
20.51,0.010
20.515,0.007
20.52,0.003
20.525,-0.001
20.53,-0.004
20.535,-0.006
20.54,-0.006
20.545,-0.003
20.55,0.001
20.555,0.005
20.56,0.007
20.565,0.006
20.57,0.003
20.575,-0.001
20.58,-0.004
20.585,-0.005
20.59,-0.005
20.595,-0.004
20.6,0.000
20.605,0.004
20.61,0.008
20.615,0.009
20.62,0.008
20.625,0.004
20.63,0.002
20.635,0.002
20.64,0.002
20.645,0.000
20.65,-0.004
20.655,-0.008
20.66,-0.009
20.665,-0.006
20.67,-0.001
20.675,0.001
20.68,0.000
20.685,-0.002
20.69,-0.004
20.695,-0.002
20.7,0.001
20.705,0.002
20.71,-0.001
20.715,-0.005
20.72,-0.006
20.725,-0.002
20.73,0.006
20.735,0.014
20.74,0.017
20.745,0.014
20.75,0.007
20.755,0.000
20.76,-0.004
20.765,-0.005
20.77,-0.002
20.775,0.003
20.78,0.007
20.785,0.008
20.79,0.007
20.795,0.006
20.8,0.004
20.805,0.002
20.81,0.002
20.815,0.000
20.82,-0.002
20.825,-0.005
20.83,-0.007
20.835,-0.008
20.84,-0.007
20.845,-0.003
20.85,0.002
20.855,0.008
20.86,0.010
20.865,0.010
20.87,0.006
20.875,0.001
20.88,-0.002
20.885,-0.003
20.89,0.000
20.895,0.004
20.9,0.008
20.905,0.007
20.91,0.005
20.915,0.002
20.92,0.000
20.925,-0.001
20.93,0.000
20.935,0.002
20.94,0.004
20.945,0.005
20.95,0.005
20.955,0.003
20.96,0.001
20.965,0.000
20.97,0.002
20.975,0.005
20.98,0.008
20.985,0.008
20.99,0.006
20.995,0.002
21,-0.002
21.005,-0.003
21.01,-0.002
21.015,0.000
21.02,0.001
21.025,0.002
21.03,0.002
21.035,0.001
21.04,0.000
21.045,-0.001
21.05,-0.002
21.055,-0.004
21.06,-0.005
21.065,-0.003
21.07,0.000
21.075,0.004
21.08,0.008
21.085,0.008
21.09,0.006
21.095,0.002
21.1,-0.002
21.105,-0.004
21.11,-0.006
21.115,-0.008
21.12,-0.009
21.125,-0.009
21.13,-0.007
21.135,-0.003
21.14,0.000
21.145,0.002
21.15,0.003
21.155,0.004
21.16,0.007
21.165,0.011
21.17,0.013
21.175,0.011
21.18,0.005
21.185,-0.001
21.19,-0.005
21.195,-0.004
21.2,0.001
21.205,0.006
21.21,0.008
21.215,0.006
21.22,0.002
21.225,-0.003
21.23,-0.006
21.235,-0.008
21.24,-0.009
21.245,-0.008
21.25,-0.004
21.255,0.000
21.26,0.004
21.265,0.004
21.27,0.001
21.275,-0.005
21.28,-0.009
21.285,-0.010
21.29,-0.009
21.295,-0.008
21.3,-0.009
21.305,-0.010
21.31,-0.012
21.315,-0.012
21.32,-0.011
21.325,-0.011
21.33,-0.012
21.335,-0.015
21.34,-0.016
21.345,-0.015
21.35,-0.010
21.355,-0.004
21.36,0.000
21.365,0.001
21.37,-0.001
21.375,-0.004
21.38,-0.006
21.385,-0.006
21.39,-0.003
21.395,0.001
21.4,0.006
21.405,0.009
21.41,0.010
21.415,0.009
21.42,0.004
21.425,-0.001
21.43,-0.005
21.435,-0.004
21.44,0.001
21.445,0.008
21.45,0.014
21.455,0.015
21.46,0.013
21.465,0.010
21.47,0.006
21.475,0.004
21.48,0.003
21.485,0.005
21.49,0.008
21.495,0.010
21.5,0.009
21.505,0.006
21.51,0.001
21.515,-0.002
21.52,-0.003
21.525,0.000
21.53,0.003
21.535,0.005
21.54,0.007
21.545,0.007
21.55,0.007
21.555,0.006
21.56,0.007
21.565,0.008
21.57,0.009
21.575,0.008
21.58,0.005
21.585,0.000
21.59,-0.005
21.595,-0.009
21.6,-0.010
21.605,-0.008
21.61,-0.005
21.615,-0.002
21.62,-0.003
21.625,-0.007
21.63,-0.012
21.635,-0.013
21.64,-0.010
21.645,-0.003
21.65,0.001
21.655,0.001
21.66,-0.004
21.665,-0.009
21.67,-0.011
21.675,-0.007
21.68,0.000
21.685,0.007
21.69,0.011
21.695,0.009
21.7,0.005
21.705,0.001
21.71,-0.001
21.715,-0.002
21.72,-0.003
21.725,-0.003
21.73,-0.003
21.735,0.001
21.74,0.006
21.745,0.011
21.75,0.013
21.755,0.009
21.76,0.002
21.765,-0.006
21.77,-0.010
21.775,-0.008
21.78,-0.003
21.785,0.002
21.79,0.003
21.795,0.000
21.8,-0.007
21.805,-0.013
21.81,-0.016
21.815,-0.015
21.82,-0.011
21.825,-0.006
21.83,-0.002
21.835,0.002
21.84,0.006
21.845,0.007
21.85,0.005
21.855,0.000
21.86,-0.006
21.865,-0.009
21.87,-0.009
21.875,-0.005
21.88,0.003
21.885,0.009
21.89,0.012
21.895,0.012
21.9,0.009
21.905,0.005
21.91,0.001
21.915,-0.003
21.92,-0.003
21.925,-0.001
21.93,0.003
21.935,0.007
21.94,0.009
21.945,0.008
21.95,0.005
21.955,0.003
21.96,0.002
21.965,0.002
21.97,0.002
21.975,0.000
21.98,-0.002
21.985,-0.002
21.99,-0.001
21.995,0.002
22,0.003
22.005,0.003
22.01,0.001
22.015,0.000
22.02,-0.002
22.025,-0.006
22.03,-0.011
22.035,-0.015
22.04,-0.017
22.045,-0.015
22.05,-0.008
22.055,0.001
22.06,0.007
22.065,0.008
22.07,0.005
22.075,0.000
22.08,-0.001
22.085,0.001
22.09,0.005
22.095,0.006
22.1,0.003
22.105,-0.004
22.11,-0.012
22.115,-0.014
22.12,-0.011
22.125,-0.005
22.13,0.000
22.135,0.002
22.14,-0.001
22.145,-0.003
22.15,-0.002
22.155,0.003
22.16,0.009
22.165,0.013
22.17,0.013
22.175,0.010
22.18,0.006
22.185,0.004
22.19,0.003
22.195,0.002
22.2,0.001
22.205,0.001
22.21,0.002
22.215,0.004
22.22,0.007
22.225,0.008
22.23,0.009
22.235,0.008
22.24,0.006
22.245,0.004
22.25,0.002
22.255,0.001
22.26,0.002
22.265,0.006
22.27,0.010
22.275,0.012
22.28,0.009
22.285,0.004
22.29,-0.002
22.295,-0.004
22.3,-0.003
22.305,0.000
22.31,0.001
22.315,0.000
22.32,-0.001
22.325,-0.001
22.33,0.001
22.335,0.003
22.34,0.001
22.345,-0.002
22.35,-0.006
22.355,-0.008
22.36,-0.008
22.365,-0.005
22.37,0.000
22.375,0.003
22.38,0.003
22.385,0.001
22.39,-0.001
22.395,-0.003
22.4,-0.002
22.405,0.001
22.41,0.004
22.415,0.006
22.42,0.008
22.425,0.008
22.43,0.007
22.435,0.003
22.44,-0.005
22.445,-0.013
22.45,-0.018
22.455,-0.015
22.46,-0.005
22.465,0.009
22.47,0.019
22.475,0.019
22.48,0.011
22.485,0.001
22.49,-0.006
22.495,-0.006
22.5,-0.002
22.505,0.001
22.51,0.001
22.515,-0.002
22.52,-0.005
22.525,-0.008
22.53,-0.010
22.535,-0.011
22.54,-0.010
22.545,-0.009
22.55,-0.006
22.555,-0.002
22.56,0.000
22.565,0.002
22.57,0.003
22.575,0.004
22.58,0.005
22.585,0.006
22.59,0.005
22.595,0.001
22.6,-0.004
22.605,-0.010
22.61,-0.013
22.615,-0.014
22.62,-0.012
22.625,-0.008
22.63,-0.004
22.635,-0.001
22.64,0.000
22.645,-0.002
22.65,-0.005
22.655,-0.007
22.66,-0.008
22.665,-0.007
22.67,-0.005
22.675,-0.004
22.68,-0.003
22.685,-0.003
22.69,-0.004
22.695,-0.005
22.7,-0.006
22.705,-0.007
22.71,-0.007
22.715,-0.007
22.72,-0.005
22.725,-0.002
22.73,0.002
22.735,0.005
22.74,0.005
22.745,0.002
22.75,-0.004
22.755,-0.010
22.76,-0.012
22.765,-0.009
22.77,-0.004
22.775,-0.001
22.78,-0.001
22.785,-0.003
22.79,-0.004
22.795,-0.002
22.8,0.002
22.805,0.007
22.81,0.009
22.815,0.006
22.82,-0.002
22.825,-0.010
22.83,-0.016
22.835,-0.016
22.84,-0.010
22.845,-0.002
22.85,0.005
22.855,0.005
22.86,-0.003
22.865,-0.013
22.87,-0.020
22.875,-0.020
22.88,-0.011
22.885,-0.001
22.89,0.007
22.895,0.007
22.9,0.003
22.905,-0.003
22.91,-0.006
22.915,-0.006
22.92,-0.004
22.925,-0.003
22.93,-0.004
22.935,-0.005
22.94,-0.006
22.945,-0.004
22.95,-0.002
22.955,0.002
22.96,0.004
22.965,0.006
22.97,0.008
22.975,0.008
22.98,0.007
22.985,0.005
22.99,0.003
22.995,0.001
23,0.002
23.005,0.004
23.01,0.007
23.015,0.007
23.02,0.005
23.025,0.001
23.03,-0.003
23.035,-0.003
23.04,0.002
23.045,0.008
23.05,0.013
23.055,0.014
23.06,0.012
23.065,0.009
23.07,0.006
23.075,0.004
23.08,0.004
23.085,0.004
23.09,0.003
23.095,0.004
23.1,0.007
23.105,0.007
23.11,0.003
23.115,-0.006
23.12,-0.015
23.125,-0.018
23.13,-0.013
23.135,-0.003
23.14,0.005
23.145,0.008
23.15,0.004
23.155,-0.002
23.16,-0.005
23.165,-0.006
23.17,-0.005
23.175,-0.003
23.18,-0.003
23.185,-0.004
23.19,-0.005
23.195,-0.004
23.2,-0.002
23.205,-0.002
23.21,-0.005
23.215,-0.008
23.22,-0.010
23.225,-0.009
23.23,-0.006
23.235,-0.003
23.24,-0.002
23.245,-0.004
23.25,-0.008
23.255,-0.012
23.26,-0.012
23.265,-0.007
23.27,0.000
23.275,0.008
23.28,0.013
23.285,0.013
23.29,0.011
23.295,0.009
23.3,0.007
23.305,0.004
23.31,0.002
23.315,0.000
23.32,-0.001
23.325,-0.003
23.33,-0.003
23.335,-0.002
23.34,0.000
23.345,0.004
23.35,0.006
23.355,0.008
23.36,0.008
23.365,0.007
23.37,0.006
23.375,0.004
23.38,-0.001
23.385,-0.008
23.39,-0.017
23.395,-0.021
23.4,-0.019
23.405,-0.012
23.41,-0.002
23.415,0.005
23.42,0.008
23.425,0.006
23.43,0.000
23.435,-0.005
23.44,-0.007
23.445,-0.007
23.45,-0.005
23.455,-0.001
23.46,0.002
23.465,0.003
23.47,0.003
23.475,0.003
23.48,0.001
23.485,-0.003
23.49,-0.006
23.495,-0.007
23.5,-0.005
23.505,0.000
23.51,0.005
23.515,0.006
23.52,0.001
23.525,-0.007
23.53,-0.014
23.535,-0.015
23.54,-0.011
23.545,-0.004
23.55,0.003
23.555,0.008
23.56,0.009
23.565,0.008
23.57,0.006
23.575,0.004
23.58,0.002
23.585,0.001
23.59,-0.001
23.595,-0.003
23.6,-0.004
23.605,-0.004
23.61,-0.003
23.615,-0.002
23.62,-0.002
23.625,-0.004
23.63,-0.006
23.635,-0.007
23.64,-0.004
23.645,-0.001
23.65,0.001
23.655,-0.002
23.66,-0.009
23.665,-0.013
23.67,-0.012
23.675,-0.004
23.68,0.007
23.685,0.014
23.69,0.017
23.695,0.014
23.7,0.009
23.705,0.007
23.71,0.008
23.715,0.010
23.72,0.010
23.725,0.006
23.73,0.001
23.735,-0.003
23.74,-0.004
23.745,0.000
23.75,0.005
23.755,0.008
23.76,0.006
23.765,0.001
23.77,-0.004
23.775,-0.007
23.78,-0.007
23.785,-0.002
23.79,0.003
23.795,0.005
23.8,0.001
23.805,-0.006
23.81,-0.013
23.815,-0.015
23.82,-0.011
23.825,-0.004
23.83,0.002
23.835,0.004
23.84,0.002
23.845,-0.001
23.85,-0.002
23.855,-0.002
23.86,-0.002
23.865,-0.003
23.87,-0.004
23.875,-0.004
23.88,-0.003
23.885,-0.001
23.89,0.000
23.895,0.000
23.9,-0.002
23.905,-0.001
23.91,0.002
23.915,0.004
23.92,0.004
23.925,0.000
23.93,-0.002
23.935,-0.002
23.94,0.001
23.945,0.005
23.95,0.004
23.955,-0.002
23.96,-0.008
23.965,-0.011
23.97,-0.007
23.975,-0.001
23.98,0.005
23.985,0.007
23.99,0.004
23.995,-0.002
24,-0.010
24.005,-0.014
24.01,-0.015
24.015,-0.013
24.02,-0.011
24.025,-0.011
24.03,-0.014
24.035,-0.019
24.04,-0.020
24.045,-0.016
24.05,-0.008
24.055,-0.001
24.06,0.002
24.065,-0.001
24.07,-0.007
24.075,-0.012
24.08,-0.014
24.085,-0.012
24.09,-0.007
24.095,-0.003
24.1,-0.002
24.105,-0.002
24.11,-0.004
24.115,-0.005
24.12,-0.004
24.125,-0.003
24.13,-0.001
24.135,0.001
24.14,0.001
24.145,0.000
24.15,-0.001
24.155,-0.001
24.16,0.000
24.165,0.002
24.17,0.002
24.175,-0.001
24.18,-0.005
24.185,-0.006
24.19,-0.005
24.195,-0.002
24.2,0.002
24.205,0.006
24.21,0.008
24.215,0.008
24.22,0.008
24.225,0.007
24.23,0.006
24.235,0.005
24.24,0.004
24.245,0.003
24.25,0.003
24.255,0.003
24.26,0.002
24.265,-0.001
24.27,-0.005
24.275,-0.007
24.28,-0.007
24.285,-0.004
24.29,0.000
24.295,0.002
24.3,0.001
24.305,-0.003
24.31,-0.006
24.315,-0.006
24.32,-0.005
24.325,-0.002
24.33,0.000
24.335,0.000
24.34,-0.001
24.345,-0.003
24.35,-0.003
24.355,-0.003
24.36,-0.003
24.365,-0.003
24.37,-0.004
24.375,-0.002
24.38,0.002
24.385,0.006
24.39,0.009
24.395,0.006
24.4,-0.001
24.405,-0.009
24.41,-0.014
24.415,-0.015
24.42,-0.009
24.425,-0.002
24.43,0.003
24.435,0.003
24.44,0.000
24.445,-0.004
24.45,-0.004
24.455,-0.002
24.46,-0.001
24.465,-0.002
24.47,-0.005
24.475,-0.007
24.48,-0.005
24.485,0.000
24.49,0.004
24.495,0.003
24.5,-0.003
24.505,-0.010
24.51,-0.015
24.515,-0.015
24.52,-0.011
24.525,-0.006
24.53,-0.002
24.535,0.000
24.54,0.001
24.545,0.003
24.55,0.006
24.555,0.008
24.56,0.007
24.565,0.003
24.57,-0.004
24.575,-0.009
24.58,-0.011
24.585,-0.010
24.59,-0.007
24.595,-0.005
24.6,-0.004
24.605,-0.004
24.61,-0.005
24.615,-0.006
24.62,-0.008
24.625,-0.009
24.63,-0.008
24.635,-0.004
24.64,0.002
24.645,0.005
24.65,0.005
24.655,0.000
24.66,-0.006
24.665,-0.010
24.67,-0.009
24.675,-0.004
24.68,0.002
24.685,0.006
24.69,0.008
24.695,0.009
24.7,0.008
24.705,0.005
24.71,0.001
24.715,-0.005
24.72,-0.010
24.725,-0.011
24.73,-0.007
24.735,-0.001
24.74,0.006
24.745,0.013
24.75,0.016
24.755,0.016
24.76,0.012
24.765,0.005
24.77,-0.002
24.775,-0.007
24.78,-0.008
24.785,-0.006
24.79,-0.002
24.795,0.000
24.8,0.000
24.805,-0.003
24.81,-0.006
24.815,-0.007
24.82,-0.008
24.825,-0.008
24.83,-0.008
24.835,-0.007
24.84,-0.005
24.845,-0.003
24.85,0.000
24.855,0.003
24.86,0.005
24.865,0.004
24.87,0.001
24.875,-0.004
24.88,-0.009
24.885,-0.011
24.89,-0.010
24.895,-0.007
24.9,-0.004
24.905,-0.002
24.91,0.000
24.915,0.002
24.92,0.005
24.925,0.007
24.93,0.006
24.935,0.003
24.94,-0.002
24.945,-0.005
24.95,-0.006
24.955,-0.004
24.96,-0.002
24.965,0.000
24.97,0.002
24.975,0.004
24.98,0.006
24.985,0.006
24.99,0.004
24.995,0.000
25,-0.004
25.005,-0.004
25.01,-0.001
25.015,0.003
25.02,0.004
25.025,0.002
25.03,-0.002
25.035,-0.004
25.04,-0.003
25.045,0.001
25.05,0.004
25.055,0.003
25.06,-0.003
25.065,-0.009
25.07,-0.013
25.075,-0.010
25.08,-0.002
25.085,0.007
25.09,0.014
25.095,0.016
25.1,0.012
25.105,0.006
25.11,0.000
25.115,-0.003
25.12,-0.004
25.125,-0.004
25.13,-0.006
25.135,-0.008
25.14,-0.009
25.145,-0.008
25.15,-0.005
25.155,0.000
25.16,0.001
25.165,0.001
25.17,0.000
25.175,-0.003
25.18,-0.005
25.185,-0.008
25.19,-0.011
25.195,-0.011
25.2,-0.009
25.205,-0.006
25.21,-0.004
25.215,-0.005
25.22,-0.008
25.225,-0.011
25.23,-0.012
25.235,-0.010
25.24,-0.006
25.245,-0.002
25.25,0.001
25.255,0.002
25.26,0.001
25.265,-0.001
25.27,-0.002
25.275,-0.002
25.28,-0.002
25.285,-0.001
25.29,-0.001
25.295,-0.002
25.3,-0.004
25.305,-0.004
25.31,-0.004
25.315,-0.003
25.32,-0.004
25.325,-0.005
25.33,-0.006
25.335,-0.006
25.34,-0.006
25.345,-0.004
25.35,-0.002
25.355,-0.002
25.36,-0.003
25.365,-0.005
25.37,-0.006
25.375,-0.006
25.38,-0.005
25.385,-0.001
25.39,0.002
25.395,0.006
25.4,0.008
25.405,0.008
25.41,0.006
25.415,0.003
25.42,-0.001
25.425,-0.004
25.43,-0.006
25.435,-0.007
25.44,-0.008
25.445,-0.007
25.45,-0.003
25.455,0.003
25.46,0.008
25.465,0.008
25.47,0.003
25.475,-0.004
25.48,-0.010
25.485,-0.012
25.49,-0.009
25.495,-0.005
25.5,-0.002
25.505,-0.003
25.51,-0.005
25.515,-0.008
25.52,-0.009
25.525,-0.006
25.53,-0.001
25.535,0.003
25.54,0.004
25.545,0.003
25.55,0.002
25.555,0.000
25.56,0.000
25.565,0.001
25.57,0.002
25.575,0.004
25.58,0.008
25.585,0.010
25.59,0.011
25.595,0.010
25.6,0.008
25.605,0.006
25.61,0.005
25.615,0.003
25.62,0.000
25.625,-0.002
25.63,-0.001
25.635,0.003
25.64,0.006
25.645,0.007
25.65,0.004
25.655,-0.003
25.66,-0.008
25.665,-0.008
25.67,-0.005
25.675,0.001
25.68,0.004
25.685,0.003
25.69,0.001
25.695,-0.001
25.7,-0.001
25.705,0.001
25.71,0.003
25.715,0.002
25.72,-0.002
25.725,-0.006
25.73,-0.009
25.735,-0.010
25.74,-0.008
25.745,-0.005
25.75,-0.005
25.755,-0.008
25.76,-0.011
25.765,-0.013
25.77,-0.013
25.775,-0.010
25.78,-0.006
25.785,-0.001
25.79,0.002
25.795,0.003
25.8,0.003
25.805,-0.001
25.81,-0.007
25.815,-0.012
25.82,-0.013
25.825,-0.010
25.83,-0.005
25.835,0.000
25.84,0.002
25.845,0.001
25.85,-0.002
25.855,-0.004
25.86,-0.003
25.865,0.002
25.87,0.007
25.875,0.009
25.88,0.006
25.885,0.001
25.89,-0.004
25.895,-0.004
25.9,-0.001
25.905,0.004
25.91,0.009
25.915,0.011
25.92,0.010
25.925,0.007
25.93,0.003
25.935,0.000
25.94,0.000
25.945,0.001
25.95,0.001
25.955,-0.001
25.96,-0.004
25.965,-0.006
25.97,-0.006
25.975,-0.002
25.98,0.002
25.985,0.004
25.99,0.002
25.995,-0.003
26,-0.007
26.005,-0.006
26.01,-0.003
26.015,-0.001
26.02,-0.002
26.025,-0.006
26.03,-0.011
26.035,-0.012
26.04,-0.009
26.045,-0.002
26.05,0.003
26.055,0.005
26.06,0.004
26.065,0.001
26.07,-0.002
26.075,-0.004
26.08,-0.003
26.085,-0.001
26.09,0.001
26.095,0.003
26.1,0.003
26.105,-0.001
26.11,-0.004
26.115,-0.005
26.12,-0.002
26.125,0.004
26.13,0.009
26.135,0.010
26.14,0.006
26.145,-0.001
26.15,-0.005
26.155,-0.005
26.16,0.000
26.165,0.006
26.17,0.010
26.175,0.011
26.18,0.007
26.185,0.002
26.19,-0.001
26.195,-0.002
26.2,0.001
26.205,0.004
26.21,0.005
26.215,0.006
26.22,0.004
26.225,0.003
26.23,0.003
26.235,0.005
26.24,0.007
26.245,0.006
26.25,0.003
26.255,0.000
26.26,-0.004
26.265,-0.006
26.27,-0.008
26.275,-0.009
26.28,-0.009
26.285,-0.007
26.29,-0.004
26.295,0.001
26.3,0.004
26.305,0.004
26.31,0.000
26.315,-0.004
26.32,-0.007
26.325,-0.005
26.33,0.000
26.335,0.004
26.34,0.004
26.345,0.000
26.35,-0.005
26.355,-0.008
26.36,-0.007
26.365,-0.002
26.37,0.004
26.375,0.010
26.38,0.014
26.385,0.015
26.39,0.014
26.395,0.011
26.4,0.008
26.405,0.006
26.41,0.005
26.415,0.006
26.42,0.008
26.425,0.010
26.43,0.013
26.435,0.014
26.44,0.012
26.445,0.006
26.45,0.000
26.455,-0.004
26.46,-0.006
26.465,-0.004
26.47,-0.001
26.475,0.001
26.48,0.002
26.485,0.002
26.49,0.003
26.495,0.006
26.5,0.007
26.505,0.006
26.51,0.001
26.515,-0.004
26.52,-0.006
26.525,-0.005
26.53,-0.002
26.535,-0.002
26.54,-0.005
26.545,-0.011
26.55,-0.016
26.555,-0.018
26.56,-0.016
26.565,-0.012
26.57,-0.007
26.575,-0.004
26.58,-0.004
26.585,-0.005
26.59,-0.006
26.595,-0.004
26.6,-0.001
26.605,0.002
26.61,0.004
26.615,0.003
26.62,-0.001
26.625,-0.006
26.63,-0.009
26.635,-0.008
26.64,-0.005
26.645,0.000
26.65,0.004
26.655,0.006
26.66,0.004
26.665,0.001
26.67,0.000
26.675,0.001
26.68,0.004
26.685,0.006
26.69,0.004
26.695,-0.001
26.7,-0.004
26.705,-0.003
26.71,0.001
26.715,0.005
26.72,0.008
26.725,0.007
26.73,0.005
26.735,0.002
26.74,0.002
26.745,0.005
26.75,0.009
26.755,0.009
26.76,0.005
26.765,-0.002
26.77,-0.009
26.775,-0.011
26.78,-0.007
26.785,0.001
26.79,0.010
26.795,0.012
26.8,0.009
26.805,0.003
26.81,-0.002
26.815,-0.004
26.82,-0.002
26.825,0.000
26.83,0.000
26.835,-0.002
26.84,-0.004
26.845,-0.006
26.85,-0.007
26.855,-0.007
26.86,-0.006
26.865,-0.006
26.87,-0.007
26.875,-0.008
26.88,-0.008
26.885,-0.006
26.89,-0.002
26.895,0.004
26.9,0.009
26.905,0.011
26.91,0.009
26.915,0.004
26.92,0.002
26.925,0.004
26.93,0.008
26.935,0.009
26.94,0.007
26.945,0.002
26.95,-0.001
26.955,0.002
26.96,0.009
26.965,0.017
26.97,0.021
26.975,0.019
26.98,0.013
26.985,0.009
26.99,0.008
26.995,0.010
27,0.011
27.005,0.010
27.01,0.006
27.015,0.001
27.02,-0.002
27.025,-0.004
27.03,-0.005
27.035,-0.004
27.04,-0.003
27.045,-0.001
27.05,0.001
27.055,0.001
27.06,-0.003
27.065,-0.009
27.07,-0.014
27.075,-0.015
27.08,-0.011
27.085,-0.004
27.09,0.003
27.095,0.005
27.1,0.003
27.105,-0.001
27.11,-0.005
27.115,-0.007
27.12,-0.007
27.125,-0.008
27.13,-0.008
27.135,-0.007
27.14,-0.002
27.145,0.005
27.15,0.010
27.155,0.012
27.16,0.008
27.165,0.001
27.17,-0.006
27.175,-0.008
27.18,-0.003
27.185,0.005
27.19,0.012
27.195,0.016
27.2,0.016
27.205,0.014
27.21,0.011
27.215,0.009
27.22,0.008
27.225,0.009
27.23,0.010
27.235,0.012
27.24,0.013
27.245,0.013
27.25,0.010
27.255,0.006
27.26,0.003
27.265,0.004
27.27,0.007
27.275,0.011
27.28,0.013
27.285,0.011
27.29,0.005
27.295,-0.003
27.3,-0.009
27.305,-0.011
27.31,-0.007
27.315,-0.001
27.32,0.005
27.325,0.006
27.33,0.003
27.335,-0.003
27.34,-0.008
27.345,-0.009
27.35,-0.008
27.355,-0.004
27.36,0.000
27.365,0.002
27.37,0.001
27.375,0.000
27.38,0.000
27.385,0.001
27.39,0.000
27.395,-0.003
27.4,-0.009
27.405,-0.013
27.41,-0.014
27.415,-0.010
27.42,-0.002
27.425,0.006
27.43,0.007
27.435,0.002
27.44,-0.008
27.445,-0.017
27.45,-0.021
27.455,-0.017
27.46,-0.007
27.465,0.003
27.47,0.007
27.475,0.003
27.48,-0.006
27.485,-0.014
27.49,-0.017
27.495,-0.014
27.5,-0.009
27.505,-0.005
27.51,-0.003
27.515,-0.003
27.52,0.000
27.525,0.005
27.53,0.011
27.535,0.016
27.54,0.016
27.545,0.011
27.55,0.004
27.555,-0.001
27.56,-0.001
27.565,0.002
27.57,0.005
27.575,0.005
27.58,0.004
27.585,0.000
27.59,-0.004
27.595,-0.005
27.6,-0.004
27.605,0.000
27.61,0.004
27.615,0.006
27.62,0.003
27.625,-0.002
27.63,-0.006
27.635,-0.006
27.64,-0.002
27.645,0.002
27.65,0.006
27.655,0.006
27.66,0.001
27.665,-0.006
27.67,-0.013
27.675,-0.017
27.68,-0.016
27.685,-0.013
27.69,-0.008
27.695,-0.005
27.7,-0.004
27.705,-0.005
27.71,-0.005
27.715,-0.005
27.72,-0.004
27.725,-0.003
27.73,-0.001
27.735,0.000
27.74,0.002
27.745,0.005
27.75,0.008
27.755,0.011
27.76,0.012
27.765,0.012
27.77,0.010
27.775,0.008
27.78,0.007
27.785,0.008
27.79,0.010
27.795,0.013
27.8,0.016
27.805,0.019
27.81,0.023
27.815,0.024
27.82,0.023
27.825,0.018
27.83,0.013
27.835,0.009
27.84,0.007
27.845,0.007
27.85,0.006
27.855,0.003
27.86,-0.002
27.865,-0.005
27.87,-0.004
27.875,0.000
27.88,0.006
27.885,0.010
27.89,0.012
27.895,0.009
27.9,0.004
27.905,-0.002
27.91,-0.006
27.915,-0.008
27.92,-0.006
27.925,-0.001
27.93,0.004
27.935,0.007
27.94,0.006
27.945,0.003
27.95,-0.001
27.955,-0.002
27.96,0.000
27.965,0.003
27.97,0.005
27.975,0.005
27.98,0.003
27.985,0.001
27.99,-0.001
27.995,-0.001
28,-0.001
28.005,0.000
28.01,0.001
28.015,0.000
28.02,-0.002
28.025,-0.005
28.03,-0.007
28.035,-0.007
28.04,-0.006
28.045,-0.003
28.05,0.000
28.055,0.003
28.06,0.005
28.065,0.008
28.07,0.010
28.075,0.012
28.08,0.013
28.085,0.013
28.09,0.013
28.095,0.011
28.1,0.007
28.105,0.003
28.11,0.002
28.115,0.003
28.12,0.007
28.125,0.009
28.13,0.010
28.135,0.008
28.14,0.007
28.145,0.007
28.15,0.008
28.155,0.008
28.16,0.005
28.165,0.002
28.17,0.000
28.175,0.000
28.18,-0.001
28.185,-0.002
28.19,-0.004
28.195,-0.006
28.2,-0.006
28.205,-0.003
28.21,-0.001
28.215,-0.001
28.22,-0.005
28.225,-0.009
28.23,-0.011
28.235,-0.010
28.24,-0.007
28.245,-0.004
28.25,-0.003
28.255,-0.003
28.26,-0.001
28.265,0.001
28.27,0.004
28.275,0.006
28.28,0.006
28.285,0.003
28.29,0.000
28.295,-0.003
28.3,-0.004
28.305,-0.002
28.31,0.000
28.315,0.001
28.32,0.000
28.325,0.000
28.33,0.000
28.335,0.001
28.34,0.003
28.345,0.004
28.35,0.006
28.355,0.007
28.36,0.008
28.365,0.008
28.37,0.007
28.375,0.004
28.38,0.003
28.385,0.004
28.39,0.007
28.395,0.010
28.4,0.012
28.405,0.009
28.41,0.004
28.415,-0.003
28.42,-0.006
28.425,-0.004
28.43,0.001
28.435,0.007
28.44,0.010
28.445,0.011
28.45,0.009
28.455,0.007
28.46,0.006
28.465,0.006
28.47,0.006
28.475,0.004
28.48,0.000
28.485,-0.005
28.49,-0.009
28.495,-0.012
28.5,-0.011
28.505,-0.008
28.51,-0.003
28.515,0.002
28.52,0.006
28.525,0.009
28.53,0.010
28.535,0.006
28.54,0.001
28.545,-0.005
28.55,-0.008
28.555,-0.008
28.56,-0.006
28.565,-0.003
28.57,-0.002
28.575,-0.003
28.58,-0.002
28.585,0.000
28.59,0.002
28.595,0.004
28.6,0.005
28.605,0.004
28.61,0.004
28.615,0.004
28.62,0.005
28.625,0.006
28.63,0.008
28.635,0.010
28.64,0.012
28.645,0.012
28.65,0.009
28.655,0.003
28.66,-0.002
28.665,-0.005
28.67,-0.002
28.675,0.004
28.68,0.010
28.685,0.012
28.69,0.010
28.695,0.006
28.7,0.004
28.705,0.004
28.71,0.007
28.715,0.009
28.72,0.010
28.725,0.007
28.73,0.003
28.735,-0.002
28.74,-0.005
28.745,-0.005
28.75,-0.004
28.755,-0.003
28.76,-0.002
28.765,-0.002
28.77,-0.003
28.775,-0.003
28.78,-0.001
28.785,0.003
28.79,0.005
28.795,0.004
28.8,0.002
28.805,-0.002
28.81,-0.003
28.815,-0.001
28.82,0.001
28.825,0.003
28.83,0.002
28.835,-0.001
28.84,-0.007
28.845,-0.013
28.85,-0.015
28.855,-0.012
28.86,-0.004
28.865,0.005
28.87,0.010
28.875,0.010
28.88,0.005
28.885,-0.002
28.89,-0.005
28.895,-0.004
28.9,0.001
28.905,0.006
28.91,0.007
28.915,0.005
28.92,0.000
28.925,-0.002
28.93,-0.002
28.935,0.000
28.94,0.000
28.945,0.000
28.95,0.000
28.955,0.002
28.96,0.006
28.965,0.007
28.97,0.004
28.975,-0.004
28.98,-0.011
28.985,-0.013
28.99,-0.007
28.995,0.003
29,0.012
29.005,0.013
29.01,0.008
29.015,0.000
29.02,-0.006
29.025,-0.007
29.03,-0.004
29.035,-0.001
29.04,0.000
29.045,-0.002
29.05,-0.006
29.055,-0.008
29.06,-0.009
29.065,-0.007
29.07,-0.003
29.075,0.002
29.08,0.004
29.085,0.003
29.09,-0.001
29.095,-0.006
29.1,-0.010
29.105,-0.011
29.11,-0.009
29.115,-0.007
29.12,-0.006
29.125,-0.006
29.13,-0.006
29.135,-0.005
29.14,-0.002
29.145,0.001
29.15,0.003
29.155,0.004
29.16,0.003
29.165,0.002
29.17,0.003
29.175,0.004
29.18,0.003
29.185,0.001
29.19,-0.001
29.195,0.000
29.2,0.002
29.205,0.004
29.21,0.004
29.215,0.001
29.22,-0.004
29.225,-0.008
29.23,-0.008
29.235,-0.006
29.24,-0.002
29.245,0.000
29.25,-0.002
29.255,-0.006
29.26,-0.009
29.265,-0.009
29.27,-0.007
29.275,-0.003
29.28,-0.002
29.285,-0.004
29.29,-0.006
29.295,-0.009
29.3,-0.011
29.305,-0.012
29.31,-0.011
29.315,-0.010
29.32,-0.008
29.325,-0.004
29.33,0.000
29.335,0.002
29.34,0.001
29.345,-0.002
29.35,-0.006
29.355,-0.010
29.36,-0.014
29.365,-0.016
29.37,-0.017
29.375,-0.016
29.38,-0.013
29.385,-0.010
29.39,-0.011
29.395,-0.014
29.4,-0.018
29.405,-0.018
29.41,-0.011
29.415,-0.001
29.42,0.007
29.425,0.009
29.43,0.004
29.435,-0.003
29.44,-0.008
29.445,-0.009
29.45,-0.007
29.455,-0.006
29.46,-0.006
29.465,-0.006
29.47,-0.003
29.475,0.001
29.48,0.005
29.485,0.007
29.49,0.007
29.495,0.007
29.5,0.007
29.505,0.009
29.51,0.010
29.515,0.009
29.52,0.006
29.525,0.004
29.53,0.005
29.535,0.008
29.54,0.012
29.545,0.012
29.55,0.007
29.555,0.001
29.56,-0.002
29.565,0.000
29.57,0.005
29.575,0.008
29.58,0.006
29.585,-0.001
29.59,-0.007
29.595,-0.010
29.6,-0.009
29.605,-0.006
29.61,-0.005
29.615,-0.006
29.62,-0.007
29.625,-0.005
29.63,0.000
29.635,0.007
29.64,0.011
29.645,0.010
29.65,0.003
29.655,-0.007
29.66,-0.014
29.665,-0.017
29.67,-0.016
29.675,-0.014
29.68,-0.009
29.685,-0.004
29.69,0.001
29.695,0.005
29.7,0.006
29.705,0.006
29.71,0.006
29.715,0.007
29.72,0.010
29.725,0.013
29.73,0.013
29.735,0.009
29.74,0.002
29.745,-0.005
29.75,-0.010
29.755,-0.010
29.76,-0.004
29.765,0.005
29.77,0.015
29.775,0.021
29.78,0.021
29.785,0.015
29.79,0.006
29.795,-0.002
29.8,-0.005
29.805,-0.002
29.81,0.005
29.815,0.011
29.82,0.015
29.825,0.014
29.83,0.009
29.835,0.003
29.84,-0.001
29.845,0.001
29.85,0.007
29.855,0.012
29.86,0.012
29.865,0.004
29.87,-0.007
29.875,-0.015
29.88,-0.016
29.885,-0.008
29.89,0.002
29.895,0.009
29.9,0.010
29.905,0.005
29.91,-0.002
29.915,-0.007
29.92,-0.010
29.925,-0.010
29.93,-0.010
29.935,-0.008
29.94,-0.006
29.945,-0.004
29.95,-0.003
29.955,-0.005
29.96,-0.007
29.965,-0.010
29.97,-0.011
29.975,-0.011
29.98,-0.008
29.985,-0.005
29.99,-0.002
29.995,-0.001
30,0.000
